arm_id,risk_score
1123602,0.9778514987651883
699123,0.973562553122538
1262008,0.9693181699611152
1298042,0.9661150766607951
1123106,0.9650980791966021
1040979,0.9610553486794329
1039412,0.9610553486794329
1039411,0.9610553486794329
970977,0.9575340068692819
1039725,0.9490892222076944
1039673,0.9302997082544172
1041222,0.9204133614306205
1041238,0.9204133614306205
1041079,0.9204133614306205
1041224,0.9204133614306205
1040290,0.9204133614306205
1039546,0.9204133614306205
1041662,0.9204133614306205
1123439,0.9145958283760856
1156196,0.9074605979612991
1137712,0.9008894698415274
1037221,0.9006908440828431
278005,0.8979758378512477
1018158,0.8977788787216239
1018306,0.8977788787216239
1123369,0.8933396817971173
1064630,0.8872492531048785
673658,0.8837594281955612
1018792,0.8806632439496678
1169070,0.8786167970493931
1124150,0.8780989857393814
1123376,0.8718454593305922
671671,0.8716399342976362
1018566,0.8716399342976362
280500,0.8712355596422574
278331,0.8712355596422574
280205,0.8712355596422574
163393,0.8697371417050952
1123893,0.8666931191312397
169114,0.8575152502449707
721196,0.8482426620048437
1123303,0.842261696830049
274027,0.8408256073995894
274080,0.8408256073995894
971204,0.8387511497717737
960865,0.8358411622367624
914038,0.8180909124096656
725909,0.8153955735299471
161166,0.8036631065503589
577893,0.8031557765057334
980977,0.796691309847966
1166815,0.787060360004595
683536,0.7828252417029581
1025589,0.7755824042323873
1042052,0.7714465362136074
964037,0.7707629168620138
274795,0.7707629168620138
336445,0.7707629168620138
963775,0.7707629168620138
336531,0.7707629168620138
273938,0.7683034905047718
274240,0.7683034905047718
409304,0.7677919511248015
280964,0.7522449471446819
278178,0.7507932160471764
279739,0.7507932160471764
699158,0.7489474959252247
1150666,0.7483852095250468
1297880,0.744393545446142
576906,0.7400671586444253
1035312,0.7388869602314921
1040529,0.7354096992480159
1040678,0.7354096992480159
1040567,0.7354096992480159
1039449,0.7354096992480159
1040921,0.7354096992480159
988539,0.7331998452896565
1156574,0.7319362959626062
1286592,0.7317213665491225
619920,0.7193350446357971
1027761,0.7192907858573987
411158,0.7151825138412978
173706,0.7141374487540736
181487,0.7118234381019943
173745,0.7116528306136245
1015612,0.711295376271257
1015180,0.711295376271257
277933,0.711295376271257
1015037,0.711295376271257
1002046,0.711295376271257
963785,0.711295376271257
990803,0.711295376271257
1015032,0.711295376271257
273267,0.711295376271257
277517,0.711295376271257
272333,0.711295376271257
272161,0.711295376271257
280473,0.711295376271257
1015007,0.711295376271257
279620,0.711295376271257
280321,0.711295376271257
274507,0.711295376271257
407795,0.7082986361321035
276256,0.706575896474333
1285636,0.7053243083597606
1026720,0.7038455281302312
963870,0.7038455281302312
274420,0.7038455281302312
275082,0.7038455281302312
274264,0.7038455281302312
932195,0.7038455281302312
1026666,0.7038455281302312
275000,0.7038455281302312
141457,0.7037813302333692
173413,0.7037385266463695
935437,0.6999407207470129
175381,0.697545760510284
174436,0.697545760510284
395831,0.6927835741907447
1276522,0.6875834416813029
1123955,0.6863037866618926
577851,0.683326510893805
576917,0.683326510893805
737916,0.6827726642197205
1174597,0.6788871256496081
157404,0.6771576801975434
153156,0.6771576801975434
936436,0.6714659560121478
934832,0.6714659560121478
544669,0.6713928354094767
1035468,0.6692765521073689
163273,0.6685873954712446
668949,0.6572874591032839
1199987,0.6552506914882531
1106744,0.6503882720079088
545747,0.6458774679988487
280843,0.6422246276537245
988736,0.6401373949045026
620804,0.6308942579948712
620278,0.6308942579948712
1159876,0.6248961873909832
277082,0.6248534851037052
167022,0.62360060653668
152966,0.62360060653668
1080228,0.6232826436948644
653358,0.6184075263607431
636640,0.6171654163460241
1289111,0.6165583528673004
577157,0.6162323927936607
1119245,0.6103597898349091
1196639,0.6083946714982246
352705,0.6061316694301915
352393,0.6061316694301915
352300,0.6061316694301915
352055,0.6061316694301915
352274,0.6061316694301915
1120444,0.6041046919779413
1118834,0.6041046919779413
1118693,0.6041046919779413
674061,0.596529429040958
1018932,0.596529429040958
1124502,0.5919023696158403
176989,0.5868371145608102
690328,0.5850237728107456
172949,0.5843400657970599
180834,0.5843400657970599
162745,0.5780302184907815
158084,0.5780302184907815
162737,0.5780302184907815
405567,0.5778715997546121
587132,0.577830024380933
180554,0.5774477300670544
586374,0.577427034884791
934103,0.5765350654673782
1285998,0.5762471545835697
739163,0.5734513764180424
739388,0.5734513764180424
177473,0.5720489561108509
545714,0.5715362620604093
183369,0.5694212329534168
1191312,0.5663571680477979
549019,0.5641237619826786
164406,0.5600729231907556
1120909,0.558005913485249
409446,0.5578974031326804
642169,0.5561862235977291
630768,0.5561862235977291
652417,0.5561862235977291
631623,0.5561862235977291
635020,0.5553614621304896
1026330,0.5539839744163761
1026113,0.5539839744163761
1025950,0.5539839744163761
687122,0.5528003423319062
1098835,0.552079482868919
651322,0.551311464977158
404086,0.5492924700897543
719311,0.5373749619523828
1096285,0.530884108173611
620718,0.5308074251236712
139371,0.5273968824475584
1200782,0.5234673616290011
1200720,0.5234673616290011
638528,0.5219448645263356
412119,0.5215594576081771
548312,0.5053740439920037
1277644,0.5052164844054807
963167,0.4963425896688579
1034527,0.49468853681178204
177122,0.49450615390981606
166560,0.49389194482049353
166891,0.49389194482049353
160780,0.49389194482049353
156753,0.49389194482049353
1097512,0.49121671204247025
1167431,0.49092557231834444
1115386,0.48733226457707557
1196060,0.48733226457707557
1116765,0.48733226457707557
1199342,0.48733226457707557
1033948,0.4867876809246366
630255,0.4834827007742802
652161,0.4834827007742802
652764,0.4834827007742802
647191,0.4834827007742802
1036420,0.48125024209400247
583078,0.4795403282652951
620208,0.4790582051115467
625122,0.47882868944357
1247485,0.47798641184502494
638947,0.47798420194422386
675106,0.47350505187352865
1029750,0.47266422888915915
753331,0.47242052219457953
1037423,0.47196171929690706
402886,0.46888532643708913
1115730,0.4677719286827037
1060032,0.4662709976578049
1253788,0.4650381976191487
411226,0.4644208343660571
412500,0.4644208343660571
673395,0.46407013389316976
1034170,0.4604437664912266
409726,0.46018439118535875
1203523,0.45846660633978215
179953,0.4554368548096495
565255,0.4537191337809604
474377,0.4530383225614928
474389,0.4530383225614928
738326,0.44957314737744075
739161,0.44957314737744075
738106,0.44957314737744075
177633,0.44870181483152377
168422,0.446996183324819
683374,0.4466799331436663
164787,0.4428051223071714
152871,0.4428051223071714
163656,0.4428051223071714
153293,0.4428051223071714
157186,0.4428051223071714
1089744,0.44137297773725753
1184498,0.4374494397649961
1029943,0.43735450360199046
1099983,0.4359502423357875
688032,0.43491551423285496
1205845,0.4344507662941602
179903,0.43084184142868004
754402,0.43038070439719533
754395,0.43038070439719533
402191,0.4288709452414873
140441,0.42518145820076864
410671,0.42450018622036984
409965,0.42450018622036984
1170406,0.42118504347525426
278748,0.42020873989803004
1061572,0.4176445865093578
1289570,0.4138580902713094
476322,0.41122177145051036
1036142,0.40739206163379976
1036146,0.40739206163379976
549496,0.40483604155131075
548867,0.40483604155131075
1198312,0.4047324054805632
1030574,0.403778317610307
1029729,0.403778317610307
1231877,0.4037207434702488
1245587,0.40312000938295134
183637,0.4029221459857397
1218210,0.4019035230902271
582932,0.4005085637546289
271896,0.39758569399730354
271363,0.39758569399730354
335379,0.39758569399730354
336063,0.39758569399730354
376703,0.39758569399730354
341714,0.39758569399730354
335802,0.39758569399730354
376207,0.39758569399730354
271736,0.39758569399730354
970620,0.39758569399730354
271688,0.39758569399730354
271487,0.39758569399730354
271919,0.39758569399730354
970661,0.39758569399730354
336017,0.39758569399730354
624978,0.396436992885728
627065,0.39619372473401887
1212747,0.3961477026966767
275421,0.3941733888963639
550106,0.3940882953516589
550283,0.3940882953516589
919080,0.3930739732587445
395987,0.3915104690355075
548352,0.3906295793731692
549229,0.3906295793731692
1029984,0.3905499960882535
1030336,0.3884835848652673
1116495,0.3829514630331867
1287315,0.381782047697615
1289573,0.381782047697615
630345,0.38117859494075895
1127548,0.38081030479278144
1155828,0.38074761637488863
1155773,0.37793820783990495
83114,0.37159586426896907
403613,0.37108239549277966
403837,0.37108239549277966
1029965,0.3705598395557749
177649,0.3705598395557749
180059,0.3697304251668739
173851,0.3684032608837051
162015,0.3682850042244331
160286,0.3682850042244331
1099874,0.3627089330941214
1103792,0.3561278848359048
738761,0.3545830540687342
739046,0.3545830540687342
1245814,0.35305494791491565
1021042,0.35066200204055703
978067,0.3470245789218123
1035654,0.34336544783096445
1143502,0.34336544783096445
688349,0.3397444506911702
1120320,0.33604233839720593
638209,0.33589085500386245
651738,0.33589085500386245
279179,0.33562942592359407
754951,0.3356087416907496
184876,0.33325122991956924
1118700,0.3299142975766678
1031700,0.3296251171548922
875949,0.3295753887622698
1093032,0.3292629666372172
1151477,0.32831482524093997
1151475,0.32831482524093997
1125744,0.32790688194941425
786320,0.32790688194941425
1124842,0.32790688194941425
352678,0.32082620559172953
1274614,0.31750765965534355
1094636,0.31735453799713387
174029,0.3154569551609738
412318,0.3143201843341046
747587,0.31305879859423624
1144142,0.31150930018902195
1144068,0.31150930018902195
1143584,0.31150930018902195
1143857,0.31150930018902195
860933,0.30651810591149287
1115935,0.3045283918209938
1116120,0.3045283918209938
1095131,0.30120584080151486
1017835,0.3010707338957952
870878,0.30057077245610786
185445,0.30010113829987933
171212,0.29760970280489707
1118773,0.29722053604217014
689063,0.29541895235295784
1069671,0.2933609570195031
1018430,0.29208586313770296
182037,0.2904406627437759
1231154,0.2904286610541087
1254169,0.28986639584741813
1079917,0.2897955174808683
588033,0.28898191735518985
1118594,0.28733470904838465
1117852,0.2868850217142796
1247242,0.2855654485041855
1247205,0.2855654485041855
1118160,0.28478027472344974
1118127,0.28478027472344974
1143295,0.28478027472344974
1119463,0.28478027472344974
1143322,0.28478027472344974
1249510,0.2813725539402119
1143636,0.27933886657831497
1025881,0.2786299638314445
755647,0.270858332474698
673609,0.2707366322601616
673641,0.2707366322601616
673597,0.2707366322601616
672809,0.2707366322601616
1264880,0.2695197833625028
153347,0.2693531855062388
163085,0.2693531855062388
689122,0.26662940164070115
553346,0.2654636307569863
1245484,0.2645674149155259
828935,0.2643597978861982
547096,0.2637551935023533
546810,0.2637551935023533
543823,0.2637551935023533
720003,0.26230151222470277
1143741,0.2618014027240516
1109678,0.26165130006591686
963692,0.26123539520726
1118402,0.2610429567446275
1034675,0.2590980911257669
1127357,0.2581883230894429
1128687,0.2581883230894429
1127220,0.2581883230894429
1127348,0.2581883230894429
1127169,0.2581883230894429
1178530,0.2565443783510273
961760,0.2559944926312083
962036,0.2559944926312083
944348,0.2558883367851635
546364,0.2531481159649143
551307,0.2531481159649143
626025,0.2516073883825182
1245663,0.25117376211120634
1245664,0.25117376211120634
543998,0.24781858826476955
546140,0.24781858826476955
1245725,0.24763911483805456
870211,0.24710258838467533
1246428,0.24584838462614853
1176328,0.24551857585120593
183871,0.24394984837446346
183985,0.24394984837446346
843558,0.24156917127991379
170680,0.24086417101182053
141129,0.24086417101182053
141915,0.24086417101182053
141990,0.24086417101182053
1176527,0.24059866875477107
688447,0.24030510627817295
1157095,0.2400450510828668
552186,0.23879601650056032
550523,0.23832647142974928
643754,0.23555922779348024
687340,0.23429630103121585
543767,0.23317982852613753
1176120,0.23315398132777632
176844,0.23279620833293418
1262130,0.23264528119428177
1176357,0.23252212420255935
404608,0.2321089620980973
404671,0.2321089620980973
551713,0.2311748650004763
553701,0.2311748650004763
1118482,0.2310027915178002
786756,0.23090907987424533
181741,0.23016632302943116
1176170,0.2297857066343399
1030284,0.22959879080271772
959722,0.22734596351529648
1251090,0.22728090078806606
914595,0.22688678936620088
1254022,0.22672953281516234
1246642,0.22635406019298135
652487,0.22622811686160962
1068208,0.2260251493687578
1097145,0.22573708131377182
587938,0.22346249032900484
1169550,0.22328998054123048
1169821,0.22328998054123048
1171628,0.22328998054123048
1265770,0.21847261237287552
170614,0.21735479843530503
644200,0.21539059644692438
1246975,0.21204993411370027
687325,0.21165706798676326
1097642,0.21122048653671974
1188912,0.2102203897835215
1116999,0.20986873774499323
580377,0.2088241045365926
687810,0.20821146197525328
1169597,0.2075688652858945
1045234,0.20701304340818405
176456,0.20621057449263228
723695,0.20445727263149474
547176,0.20445727263149474
544068,0.20445727263149474
1245414,0.2039793578998446
643933,0.2038367545370639
1263884,0.20369199232959273
1155662,0.20255335859727086
1228359,0.20167592946364368
1169706,0.19968082441545815
740324,0.1991322968394914
1253918,0.19816980232931028
638298,0.19796472924084693
740903,0.19776635195915754
1181745,0.19724341447048338
934866,0.19616095450200183
546346,0.19530115974994447
1123936,0.19516307418907758
924087,0.19400703966963184
1245979,0.19326563812943462
1246260,0.19326563812943462
1065525,0.19214004672344223
564405,0.19037865966069253
919235,0.18978892066722292
651583,0.18894002416572794
962537,0.18776998162032776
1018531,0.18769579434214245
643234,0.18736596408563674
550079,0.18707309166669991
959958,0.18658573037014453
179511,0.18612042522463104
674329,0.185794264694657
175770,0.18535711809674357
183680,0.18535711809674357
399945,0.18516172156171964
397655,0.18516172156171964
406228,0.18516172156171964
401884,0.18516172156171964
1169404,0.18499384377983355
741249,0.18435986791763634
1027709,0.1837981107128247
1139187,0.1837981107128247
917615,0.18379196062454894
139047,0.18377750863876033
136352,0.18377750863876033
136336,0.18377750863876033
553469,0.18311087341588636
1265523,0.1796254682895447
635192,0.17874401902674897
1105754,0.17869924924797534
652010,0.17740082008052538
1247009,0.17712423792593
688904,0.1717213425400827
1025844,0.17160230333661705
1023513,0.17003220452851422
1022806,0.17003220452851422
925882,0.16993653693957994
924141,0.168346901055781
651767,0.16789223528441605
636465,0.16789223528441605
920026,0.16734960164487317
922724,0.16734960164487317
1096309,0.16734087241156823
925828,0.16572031008141214
634225,0.1620697123328714
917264,0.16170508120349503
1000442,0.16169719614916767
1229621,0.16154983139529688
404258,0.1612278419381484
913534,0.16088075328999424
1056542,0.16068394987231993
888185,0.16059007027984207
1031397,0.16041478294332503
922830,0.15823406867353673
1277794,0.15791706944940642
1094527,0.1567868195357192
543358,0.15635684693482332
178073,0.15610735727406352
171951,0.15507336668158012
1027307,0.15506957881760047
395893,0.154987797984348
916642,0.15487270800231817
970645,0.15465757538899214
178130,0.15440259728436093
645382,0.15356692124162902
645685,0.15356692124162902
1037342,0.15350374137701456
1065572,0.15327429002498497
1028185,0.15306969188010475
578761,0.15219904999861605
173490,0.15112214561029202
962765,0.15076143585942164
713087,0.15050970537894937
1127448,0.14941133018211608
1173826,0.14932185761194364
1173824,0.14932185761194364
1228652,0.14853490555731338
741546,0.1465854955398418
687549,0.1461169165366525
138051,0.14603310560419888
138220,0.14603310560419888
138225,0.14603310560419888
139011,0.14603310560419888
679325,0.14555117746545534
185767,0.14477595426429962
185836,0.14477595426429962
185849,0.14477595426429962
169185,0.14434126575784006
999631,0.14432310204156776
1060430,0.14418897143024184
634151,0.1434789652763678
1286150,0.14333716662968166
914940,0.1402633862399717
579694,0.14000220490913012
646215,0.13998485312607611
631462,0.13998485312607611
926987,0.13986649482256786
186075,0.13895990110982687
1223823,0.13850331464190505
960790,0.13834592601725754
927469,0.137753055757287
924151,0.137753055757287
1021005,0.1375308163635458
927575,0.13471355460673395
1171279,0.13465406954698012
636122,0.13413785029895758
409870,0.13380375832319935
672414,0.13361436885754574
1173135,0.13320765451712463
1173821,0.13320765451712463
1174148,0.13320765451712463
1147319,0.1327495666516724
674118,0.13248291557177075
1205240,0.13237752521481433
1020156,0.13170501288640293
1024074,0.13089833648687804
919504,0.1308851770640845
584510,0.13063032850323242
1063218,0.13056884935727112
998993,0.13007827508559686
991186,0.13007827508559686
991127,0.13007827508559686
998984,0.13007827508559686
999287,0.13007827508559686
933565,0.12994046943280957
933443,0.12994046943280957
933420,0.12994046943280957
933577,0.12994046943280957
1170875,0.12956838839883822
532169,0.12857058650105835
628726,0.12836858655646638
1171490,0.12705078808061682
405856,0.1264880588329037
996147,0.1261841831051249
1028478,0.1261841831051249
997318,0.1261841831051249
991021,0.1261841831051249
993536,0.1261841831051249
993499,0.1261841831051249
992079,0.1261841831051249
992203,0.1261841831051249
992184,0.1261841831051249
998630,0.1261841831051249
992239,0.1261841831051249
997517,0.1261841831051249
997741,0.1261841831051249
997523,0.1261841831051249
998592,0.1261841831051249
991285,0.1261841831051249
993255,0.1261841831051249
137446,0.12584222653560465
137525,0.12584222653560465
136039,0.12584222653560465
138066,0.12584222653560465
137034,0.12584222653560465
1146452,0.1257127042098838
932940,0.12446156896929997
396516,0.12402881943780203
1216348,0.1239552126550074
1285671,0.12379380066627732
1023080,0.1234557833213413
402981,0.12289949563550646
402982,0.12289949563550646
1102709,0.1213789306859483
1164951,0.12120103306758054
173432,0.12044903853714957
1153214,0.12013813966090958
642349,0.11952578754589342
644638,0.11901149407566636
917586,0.11889015858006573
923123,0.11804695504840654
741696,0.11782929329878696
1159468,0.11753886893677919
993653,0.11724495292165255
992458,0.11724495292165255
1007086,0.11724495292165255
925109,0.1170047049875394
924694,0.11661474246581309
183141,0.11483652553785664
1247063,0.11430227486929209
412700,0.11423048027239949
412696,0.11423048027239949
686621,0.11385265272742981
1185097,0.11274794215084039
1205603,0.11161954750355405
1182027,0.11159416569986068
639004,0.11158694818716323
920490,0.11117304131541966
1148758,0.11081642734777562
1183812,0.11080376174454609
1171397,0.11039865564011378
1171306,0.11039865564011378
1275097,0.11032911030161943
1273690,0.11032911030161943
1263463,0.11029665052575553
1058031,0.10995227581978537
932503,0.10987141033578418
1266252,0.10930059564950768
1142774,0.10902096516809652
1262455,0.10893483090687846
1255329,0.10893483090687846
632384,0.10883478634837303
632272,0.10883478634837303
639460,0.10883478634837303
639754,0.10843596283919191
1205482,0.10772979350537087
1086888,0.1077199670550799
655293,0.10770375177172961
1183711,0.10767332763895007
1021920,0.10714188898785043
1282494,0.10714188898785043
1145911,0.10638688852739447
1067606,0.10634404562571503
1212725,0.10585114768440175
181986,0.10540770489023656
155166,0.10478793885482063
936309,0.10412579432619261
960495,0.10396560543042392
1203432,0.10391426328653665
1172577,0.1029430907988477
945164,0.10264442731409024
924661,0.1021926362803509
969631,0.1021926362803509
1175576,0.10208760318051331
1028645,0.1016913121169125
1156502,0.10156601397853875
1043743,0.10142609618028746
1046531,0.10142609618028746
1049188,0.10142609618028746
1022709,0.10076841030820398
970581,0.10076841030820398
401067,0.10014192869524055
654305,0.09976929376824836
746276,0.09960909307179729
395762,0.09894398731583054
945370,0.09878058696723249
1173645,0.09878057690429888
1175497,0.09878057690429888
1172642,0.09878057690429888
729020,0.09865099584139304
1089797,0.09845284850308514
1173615,0.09808209742366936
1174079,0.09808209742366936
1084022,0.09801975749903773
1199967,0.09723125405368252
397361,0.09721886863008863
1002687,0.09585516870932248
403239,0.09563816750743553
136802,0.09560390066163381
136753,0.09560390066163381
136603,0.09560390066163381
395625,0.09552088539201081
1221583,0.09525883602378032
933364,0.09501423473312606
412838,0.09443810938519942
916885,0.093630250802278
924758,0.093630250802278
970791,0.09353185079008762
1032969,0.09348049145302888
1227661,0.09320947469625797
400961,0.09260286292143753
871596,0.09253223360412775
992560,0.0923409955093732
993722,0.0923409955093732
1171307,0.09206216746240994
937064,0.09192254361016819
1225569,0.09076631505482746
923216,0.09025100456960707
1145925,0.08936900871817077
631936,0.08914663657063648
400491,0.08890516401748244
670435,0.08887925461854468
1057113,0.08817844155191604
1167112,0.0881126538987777
1170590,0.08808464506462843
1171517,0.08808464506462843
1020039,0.08807913718404535
1226887,0.08790716838658336
1209402,0.08759641732595583
669511,0.08756975527658946
637693,0.08725402619722317
637673,0.08725402619722317
1127369,0.08719170743627573
916081,0.08709404392373127
915961,0.08709404392373127
139406,0.08672040155747997
653223,0.08608743096556039
1033369,0.08599063683395983
927258,0.08571946622438027
351914,0.08487177444866298
961749,0.08487177444866298
999989,0.08487177444866298
999959,0.08487177444866298
920774,0.08487177444866298
170337,0.08479978906380513
1096198,0.08349743752123434
996188,0.08316392868642483
746133,0.08292272561640461
746136,0.08292272561640461
993191,0.08287608110812233
994742,0.08287608110812233
990695,0.08287608110812233
996112,0.08287608110812233
993985,0.08287608110812233
988761,0.08287608110812233
995373,0.08287608110812233
990953,0.08287608110812233
997216,0.08287608110812233
743241,0.08282040708091512
995128,0.08249641371564592
740595,0.0820823741168383
996547,0.08171933851866076
1276439,0.08117926525718495
1102743,0.08115314421236836
401932,0.08079962770727568
847342,0.07988656916192091
869567,0.07932073286925542
739674,0.07932073286925542
739687,0.07932073286925542
739773,0.07932073286925542
869315,0.07932073286925542
1205639,0.07929413277521379
737224,0.07916933061793072
913852,0.0790465904270057
401435,0.07882592353580517
1108153,0.07870591334489295
400007,0.07862111419183422
1101145,0.07861992970323066
1196247,0.07854683488956068
1201021,0.07854683488956068
577954,0.07843620912628865
401134,0.07839196899700047
406272,0.07839196899700047
401097,0.07839196899700047
406029,0.07839196899700047
397530,0.07839196899700047
403437,0.07839196899700047
402630,0.07839196899700047
990430,0.07815762022851859
1003773,0.07815762022851859
1004561,0.07815762022851859
991147,0.07815762022851859
1004573,0.07815762022851859
961942,0.0780835778291261
740514,0.07803379278682068
183895,0.07765221066471231
740423,0.07763297814280827
151216,0.07734353510947456
998969,0.07733824533693148
1001109,0.07716702329074145
994659,0.07716702329074145
997489,0.07716702329074145
1001060,0.07716702329074145
1005311,0.07716702329074145
1004420,0.07716702329074145
964885,0.0769947991761697
164237,0.07676569687483846
755638,0.0764058329256038
991306,0.07635717323826391
650238,0.07631893339204021
183829,0.07622885041113092
1193153,0.07605694491461176
1193133,0.07605694491461176
1174451,0.07601789355469452
960580,0.07584546613328365
1172593,0.07582895774432198
1173416,0.07582895774432198
1172716,0.07582895774432198
1172573,0.07582895774432198
1173065,0.07582895774432198
1216879,0.07558971987821721
870449,0.07556393461881189
1225454,0.07518488580526704
686809,0.07509472859595073
401669,0.07507100172120627
1167748,0.07462959874879224
1169998,0.07462959874879224
744308,0.07425899995332509
1221991,0.07407359904868722
156607,0.07364273140549553
158424,0.07364273140549553
161158,0.07364273140549553
1276466,0.07345667724181346
1102802,0.07328141497031287
743434,0.0727144543835229
743610,0.0727144543835229
563131,0.07266198696888108
933496,0.07256970491625926
933298,0.07256970491625926
963372,0.07240384740291744
1151330,0.0717953656010196
1151287,0.0717953656010196
1151166,0.0717953656010196
1222206,0.07137201611331
915670,0.0711526971603515
688631,0.07099689346042239
869161,0.07098706451122327
459400,0.07086784467486408
482928,0.07086784467486408
783113,0.07074567325270248
783244,0.07074567325270248
783253,0.07074567325270248
746355,0.07049774965989453
1004123,0.07003432259668463
993210,0.07003432259668463
1215469,0.06952121145873665
463040,0.06937172004598825
488343,0.06937172004598825
1169109,0.06935490818229895
1169167,0.06935490818229895
488953,0.06924487788755213
1051477,0.06904497044267617
396188,0.06888485087610281
1171949,0.0687242961178708
783297,0.06867181012750112
784207,0.06867181012750112
1070295,0.06861909805672117
464025,0.06859907991876184
396215,0.06853883367799087
982135,0.06833702210285303
1138879,0.0681980702881881
1282705,0.06818451546947199
1200885,0.06778762508892314
1291352,0.06776468850478685
1138924,0.06766795155244437
1191072,0.06739319278056662
1198194,0.06724467143125087
1202350,0.06724467143125087
863180,0.06721747893502676
998328,0.06684889532409978
1029058,0.06684889532409978
989567,0.06684889532409978
989430,0.06684889532409978
1136223,0.06671152496420142
1069215,0.06663771763241919
1203246,0.06644848614849944
1242743,0.06637382275577276
1242545,0.06637382275577276
1242806,0.06629732283884696
1228589,0.06608504966821761
1150977,0.06605614960842568
1200147,0.06595830011414087
1199491,0.06595830011414087
1191943,0.06595830011414087
1202464,0.06595830011414087
469381,0.06585903101339927
671024,0.06565410425745556
989510,0.06549136308603368
407588,0.0653569305433983
1019904,0.06526710663740909
847299,0.06526114305311174
1109874,0.06509279169011588
1106731,0.06501581953419346
1050897,0.06492218200272187
1033509,0.06486314310781938
989703,0.06486314310781938
989473,0.06486314310781938
996321,0.06486314310781938
999901,0.06486314310781938
1029197,0.06486314310781938
49044,0.06482868952909453
965798,0.06471847998353197
668611,0.06427805885383651
1217918,0.06420770105872461
1217908,0.06420770105872461
870424,0.06411339191175121
402875,0.06394661012440622
983914,0.06385749296347244
1215952,0.06314638653965926
659298,0.06285298461232486
785038,0.06270468541562205
998844,0.06265311303047807
1006077,0.06265311303047807
996518,0.06255822982535604
946028,0.06255822982535604
1138946,0.06255822982535604
1001865,0.06255822982535604
670796,0.06252140003477927
1151199,0.0619987751996472
1246532,0.06164357758860144
967929,0.061332243642878224
1001995,0.06012154490213195
1029346,0.06012154490213195
1272597,0.06008179481046117
1287516,0.060081169275158074
1070331,0.059731241849646295
820034,0.059547925371219
821410,0.059547925371219
820579,0.059547925371219
820940,0.059547925371219
821435,0.059547925371219
961159,0.059517500519181324
140125,0.059517500519181324
1163598,0.059401746923257205
823906,0.058792234442533
1162514,0.05875139467290185
1163735,0.05875139467290185
968112,0.05865548000423217
398513,0.058567081027036304
689169,0.05808774145969401
966066,0.05805948876613048
1020683,0.057952051185559454
909394,0.05776924409852737
1167372,0.057698484725285215
1243326,0.05768936846510002
1002209,0.057613957970482334
1001126,0.057613957970482334
1290646,0.0574929751296441
824877,0.05749008159347711
824878,0.05749008159347711
1015910,0.05745478447402455
1067287,0.05739829998104386
1235309,0.0573262984012674
966747,0.057307786818298394
1083250,0.05714170462219334
1282868,0.05684590233346082
1206578,0.05665797480171653
1207124,0.05665797480171653
1136372,0.05665797480171653
1206953,0.05665797480171653
1137394,0.05665797480171653
1136489,0.05665797480171653
1136816,0.05665797480171653
1136462,0.05665797480171653
481595,0.05638547711228664
955122,0.05638035580937683
1029486,0.05620331308155445
878454,0.0559965525745087
908669,0.05596933619581018
455172,0.055908516516858416
1272057,0.05586538603821924
1272107,0.05586538603821924
737796,0.05580214907686646
1164438,0.055379908946785496
739698,0.05532991575978873
914711,0.05525093634875469
1201819,0.05512531673901224
1192766,0.05512531673901224
1084569,0.05505926257920925
1100626,0.05505926257920925
915450,0.054897294636030027
915589,0.054897294636030027
915111,0.054897294636030027
825139,0.0548156534082385
1282161,0.05456966347574413
720054,0.05443941652841574
1035724,0.05427440979684326
1226750,0.05424247588522567
910805,0.054049042476580586
1037357,0.05398509330065295
1157888,0.053971492415966105
580165,0.05355271680599269
640081,0.0534371994591985
742402,0.05334839753964746
853537,0.05332156318748631
1215572,0.05309847105717275
1217198,0.05309847105717275
1217637,0.05309847105717275
487558,0.05304154203669194
784550,0.0529351822477474
989835,0.05245663576776569
1022440,0.05244200778927039
1147051,0.052418369100155265
935658,0.0521511552483421
942507,0.0521511552483421
399710,0.05213965763182055
1282410,0.05213460579967167
979560,0.051717008377569824
670248,0.05071350360799525
1297276,0.050709254317786966
1297274,0.050709254317786966
1163110,0.05067990660570151
1163054,0.05067990660570151
1209360,0.05065572749733721
1209468,0.05065572749733721
407740,0.050444237682933005
407504,0.050444237682933005
997132,0.0503270253734197
870067,0.04994708900739464
870680,0.04994708900739464
1001032,0.049925207149824506
1163202,0.04980226836205993
1161971,0.04980226836205993
1187258,0.04980226836205993
1164592,0.04980226836205993
1166728,0.04980226836205993
1161024,0.04980226836205993
1186468,0.04980226836205993
1165046,0.04980226836205993
968570,0.04959554311157215
553192,0.04959071819269492
486365,0.04923488554200598
1208862,0.049057914876481076
908029,0.04896601753344392
908548,0.04896601753344392
907918,0.04896601753344392
717886,0.048739812611665184
747034,0.048717885118366465
845294,0.04871543394753316
966054,0.048603419391981394
1235123,0.04808444467169615
1086338,0.047713546429120304
820666,0.04767502630768353
901852,0.04713660745242219
1221912,0.04701089305955452
1262198,0.046943078024889125
397571,0.04685717168478095
1021223,0.046750141927267716
1276985,0.0466633332799134
1296985,0.04665347599396934
914308,0.04635742426029309
915648,0.04635742426029309
1125924,0.04631802401248932
990410,0.04612177738989999
970202,0.04612177738989999
1131740,0.046116118172374515
1105273,0.046116118172374515
1131650,0.046116118172374515
395943,0.045855563975192234
997899,0.04565706040304992
1020958,0.0456418123243505
1042279,0.0454389456654793
734525,0.04535265166936536
1221854,0.04531335103446844
1174263,0.04506119417544437
1267246,0.045056479804153816
1156496,0.044775051564489875
1265111,0.044686665871509164
530091,0.04460997110882504
530546,0.04460997110882504
1282228,0.04454878249245495
1281749,0.04454878249245495
920693,0.0441873964910056
1178807,0.0440649481850196
1274811,0.04384055876763151
1245172,0.043544108538856104
784316,0.04345806374915897
853229,0.043423693161414124
853244,0.043423693161414124
1181529,0.0432986144310634
1274558,0.04328484566772567
1268657,0.04328484566772567
1253582,0.043164399989211955
1257801,0.04314669082587396
1177785,0.04304751891826071
1198120,0.04299293871433162
1105271,0.04289980943070609
1103707,0.04289980943070609
1136239,0.04275023054812589
1206713,0.04275023054812589
1136769,0.04275023054812589
1096580,0.04273080299024334
619019,0.04258566880296062
1256048,0.0425756114032173
1105154,0.04233555981363931
1105156,0.04233555981363931
1105395,0.04233555981363931
1104981,0.04233555981363931
1102588,0.04233555981363931
983088,0.04223952146276189
986007,0.04193188735205032
398106,0.04177950136537534
672298,0.04177525633700788
937882,0.04172569055436057
634030,0.041705960135098384
1142594,0.04166581519233736
1256100,0.041615209312463826
1261861,0.041615209312463826
583263,0.04153749895366943
1104773,0.04137676665604649
615909,0.04122299951242813
1208355,0.04113435772721345
696894,0.04090269356892709
696893,0.04090269356892709
696820,0.04090269356892709
1217029,0.040869907583556055
173346,0.04079781134558457
856680,0.04075924601389244
890887,0.04075924601389244
856691,0.04075924601389244
856908,0.04075924601389244
690552,0.04075924601389244
890517,0.04075924601389244
784531,0.04070433882270677
1101504,0.04063509376472732
140870,0.040322488598301
502497,0.04029477279256694
502905,0.04029477279256694
503259,0.04029477279256694
693396,0.04006167632190865
1231200,0.03976324694729796
1021771,0.03954789328709909
1250152,0.03949434042082669
1105720,0.03934308148758266
1107313,0.03934308148758266
1107296,0.03934308148758266
1265529,0.03932882908667029
544923,0.03898145380199655
892085,0.03891264672950113
901894,0.03891264672950113
719406,0.03883675621785621
579225,0.03872042376327543
909204,0.03856894773446719
1150159,0.038444956745853034
140612,0.03840819606614258
140571,0.03840819606614258
140865,0.03840819606614258
940702,0.038378656414126446
943922,0.038378656414126446
691734,0.03836110452569507
902659,0.03836110452569507
903882,0.03836110452569507
903447,0.03836110452569507
858355,0.03836110452569507
693431,0.03836110452569507
462505,0.03831797881966024
462500,0.03831797881966024
707844,0.03831285497071234
859666,0.038303301979850504
694679,0.038303301979850504
694756,0.038303301979850504
697303,0.038303301979850504
894015,0.038303301979850504
691951,0.038303301979850504
857411,0.038303301979850504
693684,0.038303301979850504
860070,0.03827226609607203
891884,0.03827226609607203
1259336,0.03823093559147073
1291725,0.038201858174776365
907229,0.03816798975919914
1103483,0.03814359689875009
1262899,0.03812287911468613
859518,0.03800801355860687
859521,0.03800801355860687
1000550,0.037994522673998075
1082366,0.037954248103181897
893978,0.03776647962574222
857979,0.03776647962574222
1084529,0.03773984302602073
1097368,0.03773691097201063
675530,0.037541685823701786
1091737,0.03744818120616114
1218418,0.037395892579393415
1177989,0.03736337450278146
1035044,0.03724082032089885
1056981,0.03724082032089885
1073482,0.03724082032089885
852691,0.037154775658722494
1193739,0.037109305519930406
1195435,0.037109305519930406
1203311,0.037109305519930406
1195579,0.037109305519930406
1194797,0.037109305519930406
1195846,0.037109305519930406
1190085,0.037109305519930406
857875,0.037083663519869525
902623,0.037083663519869525
890774,0.037083663519869525
475567,0.03704276644653787
481947,0.03704276644653787
1245066,0.03699478016026356
878720,0.03699196418501211
1140793,0.03680495120595993
899639,0.036729808420880666
898789,0.036729808420880666
1132559,0.03659684344916072
1206836,0.03649621050382588
1058474,0.03625394746647103
1034848,0.036187284692444886
1146186,0.036091101537457225
1198658,0.036039726029320804
1192568,0.036039726029320804
1133441,0.03592695891055983
859139,0.03588195468540269
918155,0.035871202143073946
783238,0.03576510773501453
967114,0.03555182048952889
941834,0.035503625972063836
747686,0.03543632909758723
859909,0.03543632909758723
859824,0.03543632909758723
693131,0.03543632909758723
1223743,0.03534029563740808
1259354,0.03531060944303394
1292563,0.03530630825879505
669298,0.03524393073615451
892479,0.03513372454051223
850296,0.03513372454051223
932623,0.03513150503954578
1291587,0.03506727231135135
1290636,0.03506727231135135
1292161,0.03506727231135135
1264097,0.035039577340376084
907438,0.035030905348012724
892867,0.03491518603985995
695073,0.03491518603985995
695580,0.03491518603985995
892059,0.03491518603985995
694027,0.03491518603985995
694147,0.03491518603985995
695517,0.03491518603985995
1081016,0.03484036104292681
1082668,0.03484036104292681
1082956,0.03484036104292681
1158391,0.03481100973787361
1056957,0.0347465454430075
978906,0.03472764120104158
483514,0.034715562782808546
1204666,0.03434353546993616
1291160,0.03428626571276619
879061,0.034243007073237054
379449,0.03422565808726223
904251,0.034220505250278775
900005,0.034220505250278775
900499,0.034220505250278775
899703,0.034220505250278775
1196019,0.03412633964936202
1108461,0.03408600507489604
1065691,0.03398368547018784
1287081,0.03390894218612226
1298484,0.03389227807168246
1299757,0.03389227807168246
910134,0.033843033019666936
876519,0.033770032661475054
945701,0.033673154029401506
944481,0.033673154029401506
911759,0.03356888907636707
907828,0.03352370317435656
692232,0.03347282796596182
902358,0.03347282796596182
857765,0.03347282796596182
846906,0.03337206574657531
785363,0.033306080269808434
697938,0.03327730270914424
697926,0.03327730270914424
1107402,0.03319878845165502
456473,0.03312629191462231
1022113,0.03309748744758579
1257266,0.03308474426169257
689864,0.03303060757491252
460143,0.03285296362144115
701401,0.03279100144102091
1268983,0.03276540959765349
630521,0.032764584667847235
909924,0.03267081167408251
1192493,0.032542726845100095
1072955,0.03252700369488927
845189,0.03249825159582836
755333,0.032391234573239516
892377,0.03233212479787166
926809,0.03229470137152914
924467,0.03225028868841315
1108899,0.032212294459705464
749433,0.03220367199822413
487988,0.03199277296052037
488025,0.03199277296052037
625219,0.03192953467543202
472497,0.03189433881147171
489280,0.03189433881147171
983310,0.031833220512685556
1020430,0.03175923078815765
1292612,0.0317342631738546
1288275,0.0317342631738546
1293194,0.0317342631738546
476546,0.03167462067040127
474916,0.03167462067040127
460622,0.03167462067040127
460473,0.031577133468463046
1160868,0.031520063496540365
1166788,0.031520063496540365
1166770,0.031520063496540365
1164097,0.031520063496540365
1273165,0.031415551264881325
869734,0.03134993775638652
1179112,0.031336343518915705
1081323,0.03132545609905859
640594,0.03131114764777876
1100363,0.031257385231995734
963592,0.031197193463402665
1180192,0.031157741206933886
1109943,0.03113383823433253
711113,0.031103721305475143
938434,0.031081807117035815
938435,0.031081807117035815
978788,0.031042204358386866
1133361,0.03102818427553679
1107582,0.03102443884812721
1090127,0.03102443884812721
1107760,0.03102443884812721
1132036,0.03102443884812721
1090407,0.03102443884812721
1107383,0.03102443884812721
1104437,0.03102443884812721
970709,0.03100317167862096
984480,0.03096982595718535
1159054,0.030835744483250854
749426,0.03080979974775773
920625,0.030656848300786597
917884,0.030656848300786597
1146003,0.030623761185407314
1270157,0.03058588928739883
1077844,0.030567704675474885
1110113,0.030534477687212073
877516,0.030513655105618983
1105673,0.030476617197387826
411419,0.030369477291422555
1142635,0.030360191088018944
1146399,0.03034899713071274
1062926,0.03031776207370832
1060481,0.03031776207370832
1060953,0.03031776207370832
1292385,0.030273590843317124
1287467,0.030273590843317124
644855,0.03021644069557264
636550,0.03021644069557264
379676,0.030144695969450873
503381,0.030129359986428933
474867,0.030126491575486254
1151438,0.030094660832566556
1120015,0.030094660832566556
1148091,0.03008558461546937
489314,0.029914125543338787
1061380,0.029913828452752703
1109299,0.02989636821526214
471133,0.02985204691360118
1236735,0.029843683353478423
484568,0.029831255573539172
473009,0.029831255573539172
468338,0.029831255573539172
488054,0.029821889868214976
488674,0.029821889868214976
488604,0.029821889868214976
649667,0.029764884924970182
649699,0.029764884924970182
649610,0.029764884924970182
470537,0.029734527412794268
1109978,0.029693608641177607
1212057,0.029677277592731137
645575,0.02962638628015157
1177615,0.02958624698972556
185592,0.029492869254566123
1084383,0.029460987437145675
1106037,0.02945408664850666
787008,0.029445131776337397
712767,0.02942426926352456
875652,0.02939380647118227
278588,0.029270437932622066
485548,0.029237212996717686
1107158,0.02920303893476839
1064372,0.02912307858565114
547285,0.029090604288987312
737362,0.029086236823287624
1267759,0.029079942747490085
1271955,0.029027026851103147
942178,0.02901794597906031
936639,0.02901794597906031
943506,0.02901794597906031
1085711,0.028966171614848282
473933,0.028950431683271535
877128,0.028903894917771133
1231830,0.028876057736450224
1231046,0.028876057736450224
1175688,0.02886489935533178
1255910,0.028812082997187172
1196509,0.02877674010794783
1195184,0.02877674010794783
1192113,0.02877674010794783
1203900,0.02877674010794783
1193507,0.02877674010794783
1196903,0.02877674010794783
458285,0.028631638857339485
457769,0.028631638857339485
458263,0.028631638857339485
1269893,0.02854393513513231
1124966,0.028528876616404932
480069,0.028516971724740752
1271682,0.028449622644888355
891691,0.028401900448064774
891614,0.028401900448064774
922265,0.02836567161188682
1097077,0.0282581766326041
1104562,0.0282581766326041
1259302,0.02825564914281049
1260461,0.02825564914281049
1262833,0.02825564914281049
1255890,0.02825564914281049
1264408,0.02825564914281049
1196851,0.02820325998103008
465671,0.028198152766233803
900455,0.02818070730161
890143,0.02818070730161
475852,0.028135799655334644
1124922,0.028135149647987412
623777,0.028119646368374007
1074067,0.028118311318986015
1057669,0.02811490695212323
1086014,0.02811490695212323
866122,0.028075857089834805
1232646,0.028034033437107614
1177312,0.028034033437107614
695123,0.027935132929027807
914689,0.027932641914560893
914444,0.027932641914560893
1140841,0.027924825464726497
1150434,0.027780726616301273
588477,0.027716081908431882
471556,0.027621567603113253
471643,0.027621567603113253
471168,0.027621567603113253
691786,0.02756204156747341
691789,0.02756204156747341
692336,0.02756204156747341
159522,0.02750707368920605
1183138,0.02750003109282176
1133832,0.02746021051864037
1221096,0.027451527740576014
867618,0.02744869093353499
1289067,0.027373688548464985
1293331,0.02733158965740513
692383,0.0273169119152072
1270676,0.027315948795409807
1232873,0.027309989593279006
580148,0.02724564980258575
1166069,0.02723256296428693
1161514,0.02723256296428693
1162285,0.02723256296428693
1164202,0.02723256296428693
1257775,0.027203853800194477
893551,0.027199703190995978
1134575,0.027186323735453516
1301371,0.02718178336873297
876873,0.027145717961344726
653503,0.02713172855506019
397604,0.027111285681677116
852721,0.027001310098414433
1141343,0.026987790961248703
160431,0.026947153059221598
744844,0.02693576220967437
686335,0.026933546349562368
1257876,0.02689688343326079
1159174,0.026869762069672096
891481,0.02683616279531319
843821,0.026814074242111366
785616,0.026802627057507748
982574,0.0266710865356317
1165524,0.026667872757508194
979112,0.026666110317608138
987463,0.026666110317608138
475294,0.026648679755381658
744584,0.026629973894009205
873319,0.026620410528124864
1251607,0.026557346157260485
707365,0.026541039304794723
160754,0.026524438986962672
893769,0.026450184981536066
1053662,0.026393990802618006
1285347,0.026369883583031606
617326,0.026306094813685687
1081914,0.026300465481107076
1083537,0.026300465481107076
1082590,0.026300465481107076
1035814,0.02628912638008335
1035406,0.02628912638008335
987441,0.026236013619525586
1023060,0.02619997403960904
1288968,0.0261272565543602
1264784,0.02607363432115018
1084895,0.026060480309187794
904897,0.025965218076400145
693123,0.025965218076400145
724319,0.025953354430585083
1058197,0.02594394980318775
1284371,0.02594394980318775
1224834,0.02593278894761808
1182764,0.02591320370262864
1200575,0.025889049004126932
892502,0.025859544022212695
894941,0.025859544022212695
1299712,0.025854307646338972
690368,0.02578567587904157
1278391,0.025756882721760705
1300822,0.02564844889836643
1223406,0.02563770927819719
471542,0.02563146734461095
1152272,0.025603156305411736
1152318,0.025603156305411736
698748,0.025601263132013035
1272246,0.025559025954686492
1270673,0.025559025954686492
937476,0.025510142854201754
936314,0.025510142854201754
936027,0.025510142854201754
936323,0.025510142854201754
944924,0.025510142854201754
939498,0.025510142854201754
697791,0.025492014443298745
696423,0.025478135870637474
859320,0.025415629988977
859332,0.025415629988977
1135540,0.02540975530280066
697085,0.025292893455748772
625482,0.02527071627787845
411504,0.02515357432692068
411535,0.02515357432692068
618784,0.025142707263727002
618741,0.025142707263727002
1179458,0.02512859448753403
1181285,0.02512859448753403
894517,0.025088757238401316
1106713,0.025067250322676118
1205514,0.025057731631106257
467804,0.025008478485920645
478161,0.025002947400830092
822578,0.02497298754725273
618466,0.0249601726686719
637215,0.024947019569296198
1274202,0.024921688284555193
479549,0.024895518536916204
690681,0.024890758025389446
1076329,0.02487635744048485
1076438,0.02487635744048485
1076391,0.02487635744048485
891517,0.02487482667626739
458942,0.02486944572122023
458934,0.02486944572122023
468281,0.02486944572122023
717673,0.024845689033758285
869066,0.024845689033758285
1272753,0.024842241472106175
1204521,0.02478879917568979
1080860,0.024775659170341913
1080606,0.024775659170341913
936698,0.02477111756317298
944662,0.02477111756317298
939886,0.02477111756317298
936596,0.02477111756317298
943850,0.02477111756317298
937156,0.02477111756317298
919053,0.024727373013549745
1031205,0.024665151785406406
1244460,0.024622762245940115
1243962,0.024622762245940115
164634,0.02460932056774103
709267,0.0245804745214398
1228115,0.024549777466769215
890497,0.024542369276669123
890386,0.024542369276669123
1151532,0.024528810845742238
901446,0.024509292585403603
889963,0.02448210145110853
698599,0.024466145754164115
891918,0.024418729789654196
1084668,0.02441347834128316
1085528,0.02441347834128316
1230647,0.024412075131303734
1062039,0.024410511263227325
1060614,0.024410511263227325
1060617,0.024410511263227325
1062670,0.024410511263227325
1061194,0.024410511263227325
615985,0.024278659882604834
940750,0.024262876369674866
1216578,0.024240476807608588
1233064,0.024227320726653047
822575,0.02421637941194713
702409,0.024200503776249375
1074640,0.024182238030048115
1075629,0.024182238030048115
868368,0.0241354216294194
1217553,0.024135095743683745
1268116,0.024062311630993156
692764,0.024042063692162358
653683,0.024027593121977643
987242,0.023986880940076602
1284631,0.023985196197513575
712621,0.023942463555071597
951595,0.023929468341716796
1213956,0.023871336328345098
749756,0.023825364179646664
1287917,0.02375587889665844
942693,0.023711389293139134
1179511,0.023635207695739024
1072609,0.023588950456315365
1155581,0.023547448386665074
711415,0.023534332599317375
968912,0.023463370936713756
901061,0.023452675459531946
821831,0.02344799514754974
1287138,0.02341190478665981
1140210,0.023390477682633724
1140682,0.02338143839115739
822021,0.023372101372604155
1284490,0.023360414278722715
1284182,0.023360414278722715
1285525,0.023360414278722715
1284484,0.023360414278722715
457189,0.023285113349677398
457775,0.023285113349677398
461981,0.023285113349677398
455774,0.023285113349677398
466310,0.02327814355550861
1158041,0.023255417495712527
1277962,0.023237011604356633
470504,0.02321171831553424
1172244,0.023149328406506874
617546,0.023114186428133558
1146336,0.02309825121746591
1140888,0.023092180204051613
456729,0.023088912095693217
456661,0.023088912095693217
456842,0.023088912095693217
455616,0.023088912095693217
456021,0.023088912095693217
1236429,0.02304172425046028
1225685,0.02299200397842471
1157642,0.02299200397842471
1230008,0.02299200397842471
1252299,0.02299200397842471
1224917,0.02299200397842471
1159308,0.02299200397842471
1156778,0.02299200397842471
1224169,0.02299200397842471
1150495,0.02299200397842471
1155542,0.02299200397842471
1251913,0.02299200397842471
1251668,0.02299200397842471
1243861,0.02299200397842471
1001816,0.022943611194198004
1043848,0.022901120646698667
1052089,0.022901120646698667
635393,0.022875081320973465
704690,0.022866738924094528
952007,0.02286119833442612
948227,0.02286119833442612
848846,0.02285554671441079
744623,0.02285554671441079
1179235,0.022829536207556945
1180943,0.022829536207556945
528679,0.02282356990338306
1184580,0.022768915801690097
1270810,0.02275391815044719
1044359,0.022738731237298027
1243399,0.022721289811282984
979290,0.022689785126058935
935744,0.02266019793596873
938788,0.02266019793596873
937979,0.02266019793596873
479326,0.0226131091934854
1268930,0.022607954250556596
1063573,0.022565620364626972
1053151,0.02250721005954293
1114585,0.022499945304331446
1114664,0.022499945304331446
1114491,0.022499945304331446
1259054,0.022498425686887064
1259560,0.022498425686887064
1299666,0.022485144239822112
1299679,0.022485144239822112
726354,0.022437895921415554
1020636,0.02240362833111244
1269675,0.022402314504378844
983477,0.02240094798868746
948187,0.02234183680281707
1069010,0.02233023210329099
1069020,0.02233023210329099
488497,0.022325887841817982
1137375,0.022317529762671613
1136663,0.022317529762671613
1137376,0.022317529762671613
1076925,0.022273765678611692
1078036,0.022273765678611692
1155126,0.022251999371130655
1288066,0.02224431499070719
1292845,0.02224431499070719
1289581,0.02224431499070719
752218,0.022243116782042573
1272988,0.022235687609332616
1278811,0.022235687609332616
1273885,0.022168071653367476
474334,0.022163900048993313
1297254,0.022158975064431433
1297263,0.022158975064431433
1096597,0.022046065075882033
637823,0.022019445871343822
1207937,0.02196269338987473
1293575,0.021958734773726313
820056,0.021949327251562577
820961,0.021949327251562577
851100,0.0219074504607384
948025,0.021897647996336728
1069779,0.02189274792371306
851400,0.021840179047637506
1150576,0.021831423802553207
902448,0.021829881893174672
899312,0.021829881893174672
901017,0.021829881893174672
912875,0.021813334656894365
1202270,0.02180156987298419
1192338,0.02180156987298419
1193397,0.02180156987298419
1200472,0.02180156987298419
1192641,0.02180156987298419
1178975,0.021767839448568187
1051802,0.02175674213863342
1047807,0.02175674213863342
851234,0.02175422143821456
946634,0.0216479812714302
1249239,0.02164564436024235
893173,0.021610978144974168
1284726,0.021583115192123185
1236376,0.02154761075778395
746466,0.021546685301405247
1203226,0.021456730163741163
1180676,0.021430460945107893
1256844,0.02138078361654828
1261437,0.021351025052053527
691826,0.02134988953350768
692410,0.02134988953350768
1271207,0.021311864525540666
1271227,0.021311864525540666
1294628,0.021310041586885292
485370,0.021217529614671993
851016,0.02117445670992412
749931,0.021152288986834945
1220112,0.021145757915982614
1031372,0.02111141243472416
1276937,0.021043815744800527
502337,0.021038047234925254
1215486,0.021015234553075298
851529,0.020917977041415032
853381,0.020852455408288163
1087081,0.02084444369896051
378585,0.020843328773193563
378598,0.020843328773193563
377089,0.020843328773193563
953088,0.020775594629855232
948956,0.020775594629855232
474285,0.020755104015403553
872761,0.020685488568609987
473909,0.02067243801614484
1256276,0.02065652309878653
910067,0.020636292767142916
912382,0.020577558639569546
1031087,0.02050319530313935
544957,0.02046343937501812
986610,0.020460359416155052
478589,0.02045705231826096
480924,0.02045705231826096
478574,0.02045705231826096
1186018,0.020455364398045368
1250095,0.020455364398045368
1301556,0.020415649466123353
863411,0.02029209834939273
1074200,0.020284674136094936
969623,0.02025347833492172
878868,0.020202290059000032
1257480,0.020192329208668192
936199,0.020188437446052435
936217,0.020188437446052435
943769,0.020188437446052435
378866,0.020183013476872555
379234,0.020183013476872555
379495,0.020183013476872555
1044436,0.02011724189548856
1046606,0.02011724189548856
1044860,0.02011724189548856
1043207,0.02011724189548856
1050974,0.02011724189548856
1051229,0.02011724189548856
1045940,0.02011724189548856
1052001,0.02011724189548856
1051543,0.02011724189548856
1302323,0.020086424336261958
640472,0.020086404513844053
640529,0.020086404513844053
530515,0.020086404513844053
1290389,0.020066942592861344
490213,0.020017425850477055
710984,0.019893211243187596
1280031,0.019893075069998895
1260409,0.019893075069998895
1255124,0.019893075069998895
1268461,0.019893075069998895
1261879,0.019893075069998895
1268970,0.019893075069998895
167042,0.01988994013691459
912315,0.01984498032087676
860221,0.01984498032087676
171440,0.0197577664340678
865937,0.01973076509816913
865943,0.01973076509816913
866839,0.01973076509816913
866838,0.01973076509816913
1050633,0.019705265872915583
1045314,0.019705265872915583
1045299,0.019705265872915583
1044463,0.019705265872915583
1046459,0.019705265872915583
1045212,0.019705265872915583
985180,0.019702638795198554
865985,0.01969950645836043
1068188,0.01969748628113477
1064009,0.01969748628113477
745753,0.019663844449669857
750397,0.019663844449669857
966693,0.01964372062201472
378572,0.01964111278774303
377997,0.01964111278774303
378372,0.01964111278774303
379910,0.01964111278774303
378009,0.01964111278774303
503791,0.019576863352789492
936261,0.019442227322454233
1249107,0.019430079783603307
969711,0.019428015048853654
1204569,0.019405979828678387
530372,0.019405238504568576
530151,0.019405238504568576
981246,0.019377299391227686
1072082,0.01936873456467575
400865,0.01934192562885956
892422,0.019335802620664543
1283840,0.01933203508796849
1020376,0.019327614027706046
1251561,0.019265518851862753
1155280,0.019265518851862753
1160025,0.019235169693048088
1163666,0.019235169693048088
843449,0.019202331313195382
851651,0.019175012733398604
565084,0.01916630140861909
912657,0.019139795024371773
1270268,0.019097944680101533
530957,0.019057992124700038
1296442,0.01905401896528058
902767,0.019053029253082037
893929,0.019053029253082037
717402,0.019039582344840315
717462,0.019039582344840315
717442,0.019039582344840315
717393,0.019039582344840315
868315,0.01903765519302243
1074311,0.01901612030704348
487361,0.018986605802629068
1130070,0.018981544227406135
864330,0.01895479245141278
864334,0.01895479245141278
499160,0.018922363214704314
628412,0.018888097035335717
1095393,0.018856749751587232
376976,0.01881641137980501
1187072,0.01879218944102864
1250352,0.01879218944102864
1182958,0.01879218944102864
865631,0.018791239452127843
479206,0.018770904170893388
486558,0.01876318811702112
706664,0.018735599834993902
467203,0.018685450403578878
461115,0.018685450403578878
461082,0.018685450403578878
475437,0.018685450403578878
467053,0.018685450403578878
459481,0.018685450403578878
1296596,0.01866323245814863
867110,0.018647776713559387
1077748,0.018636430575493763
531753,0.01863624878211712
487323,0.018634804086962192
1278252,0.01862827109389881
1278190,0.01862827109389881
1224388,0.018609060715228696
911884,0.018579627690403857
1299790,0.018542066498249715
1183981,0.018526015789408358
1183969,0.018526015789408358
1148684,0.01849637869540632
919889,0.018482000935510674
964817,0.01846078361819575
968566,0.01846078361819575
461249,0.01843355176273091
481522,0.01843355176273091
463464,0.01843355176273091
459966,0.01843355176273091
462930,0.01843355176273091
1063480,0.01841624842328493
1061476,0.01841624842328493
480346,0.01840151173578612
1284395,0.018393575403200742
1059091,0.018382191063194935
1296198,0.018334284205891574
1232178,0.01832858404409465
1272236,0.018312488505066005
949439,0.0183010698348675
498303,0.01826733808295428
502752,0.01826733808295428
876988,0.01824901513234779
877750,0.01824901513234779
860509,0.018247968034337994
620895,0.018233901905910864
1275843,0.018133352380685093
1302910,0.018120692205108736
702740,0.0180914054695006
702722,0.0180914054695006
625463,0.01807439162903833
948250,0.01802315238023402
496105,0.01799426745168787
495798,0.01799426745168787
941350,0.017992380087771376
1150002,0.017977871519660828
1141102,0.017977871519660828
621029,0.017968532445175225
530506,0.017968532445175225
710004,0.017872294966021357
1182332,0.017840563998756876
1270435,0.017823206966420934
1259108,0.017823206966420934
1276106,0.017774991220073887
1135334,0.01777358922848632
161480,0.01775867686251904
1249870,0.017755971392631305
733160,0.017723322611518443
708756,0.017722074490817447
503567,0.0176871558784706
1149770,0.017686209731432905
471245,0.017684631113386758
1020075,0.017683923193169516
1266348,0.017646806000992
969072,0.017631414383499897
489782,0.017614491676324378
1050379,0.01756809148659984
843697,0.017558447274494557
981307,0.01754260033573947
751654,0.017522035201727387
649458,0.017491905608179967
499046,0.01748591951360525
498576,0.01748591951360525
498836,0.01748591951360525
502489,0.01745978580906771
707425,0.017447534572916087
725185,0.017394867119513376
745196,0.01738136102644189
480363,0.01734499432015808
1137802,0.017331709154143334
1059384,0.01733105163447685
1297554,0.01731904527084856
734645,0.017262056166560825
1095389,0.01722235151896482
1095818,0.01722235151896482
1145404,0.017220600835759554
638287,0.01720989474131101
469993,0.01720201048779111
1019590,0.017188851777203983
1149858,0.01709929239038821
1187000,0.017076792027869516
1186169,0.017076792027869516
1183916,0.017076792027869516
1247917,0.017076792027869516
1210747,0.017076792027869516
1187963,0.017076792027869516
1247717,0.017076792027869516
1211312,0.017076792027869516
1249631,0.017076792027869516
1185079,0.017076792027869516
1188081,0.017076792027869516
1250327,0.017076792027869516
1187030,0.017076792027869516
1185949,0.017076792027869516
1186227,0.017076792027869516
1055027,0.017075742944237755
827666,0.017067676272328434
1037270,0.017067676272328434
1138404,0.016948018263167785
1145027,0.016948018263167785
1300649,0.01692703189302749
1186639,0.016924517568626694
1185985,0.016924517568626694
1186637,0.016924517568626694
1297124,0.016898588762055387
1301446,0.016863339399624314
489577,0.016821296974936686
490216,0.016821296974936686
490059,0.016821296974936686
471432,0.016821296974936686
489885,0.016821296974936686
485139,0.01680147586174416
480398,0.01680147586174416
470233,0.016776347630683214
481512,0.016776347630683214
459461,0.016755848805783406
472479,0.016755848805783406
1154943,0.01671628030508966
1298591,0.016643037563486812
697896,0.016590370839136104
481023,0.01657454611643711
485241,0.01657454611643711
466423,0.016572383338859638
470131,0.016572383338859638
1185622,0.01652249763973114
1187858,0.01652249763973114
1185620,0.01652249763973114
645152,0.016510957620651752
460415,0.01650593298165234
1292817,0.01650368747084146
1219341,0.01648536756579224
1300379,0.016460912764026617
477858,0.016449037662291624
471706,0.016449037662291624
1279862,0.016422692862208006
1257328,0.016422692862208006
1181594,0.016361034715085265
633260,0.0163531035386436
1095977,0.016351677245626493
951346,0.016321282571399275
951225,0.016321282571399275
641997,0.016255950350377767
1130672,0.016229799302125616
1218302,0.016229799302125616
1298921,0.016169312066524763
874284,0.01600845895958519
474981,0.015981735159320092
1150267,0.015946271038325195
1095714,0.015929245566765737
1098136,0.01589451912194273
712184,0.01580506115526623
875566,0.015792068087995912
874175,0.015779443522674907
711374,0.01576113240034447
460224,0.01570748516023245
473817,0.01570748516023245
465463,0.015684428219073274
889203,0.01567520346871428
823207,0.01563890550795776
984232,0.015635828815977564
482646,0.015631902565604493
903237,0.015630626142303285
1291695,0.015523160610142616
1152598,0.01549088266854268
1274599,0.01548746177270024
866479,0.015485714726516947
707030,0.015442954209356763
1131170,0.015427565581426435
1126576,0.015366832966896546
474180,0.015340315259566523
487215,0.015340315259566523
484629,0.015340315259566523
379648,0.01530348635215712
1077967,0.015271001221750753
750460,0.015197404737440946
484360,0.015187736118330034
1299867,0.015122771126002448
1302080,0.015118342112236371
873434,0.015115453002560616
907758,0.015085978898733636
480292,0.015054932705924182
1206823,0.01504994150067681
746963,0.01503864038106875
1145352,0.015038201045645318
1297555,0.015004046976171668
581725,0.015001359755306592
1095255,0.014988349404726552
900678,0.014962857284691065
1090676,0.01493776609097107
1189401,0.01492357224584039
1268753,0.014922851282232657
151942,0.014856169383365632
643074,0.014852562100547154
706294,0.014845990552433963
710472,0.014821121596739208
1147449,0.014804614472922658
1131213,0.014754381852690722
1121940,0.014754381852690722
1072546,0.01472419742166985
1138424,0.01470452426351332
463569,0.014648726680641775
706154,0.0146450792273189
710091,0.0146450792273189
708243,0.0146450792273189
1266907,0.014576107462065968
1285480,0.01457352885877209
1231528,0.014532626020385287
750671,0.014523197563638273
750662,0.014523197563638273
1148546,0.014491024284374225
627834,0.01446513851443319
638849,0.01446513851443319
638737,0.01446513851443319
647694,0.01446513851443319
629949,0.01446513851443319
946367,0.014449493175259677
1077080,0.014425398985781717
1132197,0.014371261887633055
749217,0.014371246117483269
750191,0.01433219828525303
1074926,0.014331821610684418
1073217,0.014331821610684418
701472,0.014239595254484462
1287800,0.014225680423470593
1288080,0.014225680423470593
653607,0.014126482201953252
1180636,0.014122535661186085
710204,0.014113123754126307
1187068,0.014087759926573446
412753,0.014026587622081175
460292,0.01396441342494849
710605,0.013959731545912808
1210147,0.01392982401170489
459541,0.013783197382467789
628285,0.013750289270524872
1073057,0.013582516763765293
639119,0.013581020857456013
706804,0.013548068886711777
895122,0.013514384423608757
704710,0.013493661810141583
1001842,0.01344315370138463
983746,0.01344315370138463
1027724,0.01344315370138463
940860,0.01344315370138463
847543,0.013396465386859424
1158000,0.013369198491914482
1054275,0.013356076128221817
1262738,0.01327131401639428
1262702,0.01327131401639428
701880,0.013230459830729705
903121,0.013093318811410836
460765,0.013037807760238702
456265,0.012957177502191011
457225,0.012957177502191011
1044249,0.012950494127212194
712372,0.0129366944162737
460082,0.01293127424045113
468768,0.012910843009004875
717179,0.012848479877194143
460819,0.012760800749681327
1060819,0.012629280207841601
701503,0.012603099141497076
894058,0.012531519807385077
1205832,0.01252896640126895
1184847,0.01252896640126895
751625,0.012386377361972272
751570,0.012386377361972272
1135685,0.012357370644882959
1097170,0.012357370644882959
563210,0.012330605333516008
1249036,0.012327459902318932
1146701,0.012262805433237127
1146047,0.012262805433237127
476944,0.012205303085694029
459652,0.012205303085694029
1096143,0.012143229365527052
699889,0.012080569474331776
726399,0.012065666421402832
712278,0.01205085117098565
1188577,0.011924541376751968
1145795,0.011923567141088246
850557,0.011910107220183604
1141894,0.011882941028223378
1186852,0.011744340061466239
466814,0.01167233604291911
486710,0.011616248209394994
1236734,0.01156882336129466
1275887,0.011540926745843349
716247,0.0114258059147685
825361,0.011310382429282532
1083912,0.011300634580054373
462373,0.011295128899898732
475466,0.011253402387733466
1048784,0.011209958972510424
477308,0.011100582911665857
950821,0.011059759506501319
1038436,0.011053850958788015
704523,0.011013623375669634
868554,0.01095794698602257
631009,0.010885925572113151
1099252,0.01087109772456005
1141966,0.01085836462326373
462838,0.010793863154375662
460953,0.010793863154375662
624700,0.010744665130091606
627401,0.010744665130091606
635168,0.010744665130091606
1054231,0.010657647437964378
950384,0.010602846954369183
950446,0.010602846954369183
618448,0.01059953276459273
711606,0.010571852668359041
702906,0.010571852668359041
702878,0.010571852668359041
702922,0.010571852668359041
702919,0.010571852668359041
1222447,0.010567632080670356
724518,0.010562162875180763
1038610,0.010532524679084007
950619,0.010532524679084007
1099283,0.010532524679084007
950779,0.010532524679084007
625896,0.010425204968499918
849936,0.010410256204570504
851028,0.010410256204570504
1129934,0.01040662097480724
707933,0.010212494454021438
706242,0.010203676494369315
1286310,0.010167447354351909
479613,0.010123367358057524
955968,0.010065362960819066
868613,0.010048202479105355
1068710,0.009976293660441525
1138105,0.009945210179394743
647353,0.009883067525423226
628955,0.009883067525423226
632868,0.009883067525423226
635920,0.009883067525423226
947377,0.009746822686847968
1142264,0.00970353339867324
1045708,0.00967431240704182
1047004,0.00967431240704182
1072059,0.00962018538264552
490141,0.009555114354112248
465495,0.009555114354112248
626641,0.009398346879742865
692900,0.009397789576124513
951528,0.009396675292369362
466230,0.009146741316690524
1243569,0.009024427144318744
640626,0.008965083594480528
1044245,0.008837028230233076
1121484,0.008310652158781934
1121615,0.008273986798462396
1055168,0.008227100851161514
1269232,0.008216653875354961
1142166,0.008198897897839615
1129633,0.008148844526836393
470715,0.008131611747350258
1129451,0.008101270304475572
1054786,0.008090388194743293
1054457,0.008090388194743293
952632,0.008053540997919925
1142045,0.0079813273850145
1138023,0.007960576859545754
1037797,0.007885638458276605
633185,0.00788043971168231
744162,0.007730556056416182
461640,0.007635360119642474
478850,0.007635360119642474
461196,0.007635360119642474
724010,0.007632959592279254
1207574,0.007601140095727981
1214351,0.007560255655671493
1122110,0.007560255655671493
1121075,0.007560255655671493
748164,0.007512717786088768
473768,0.00749860265164894
725307,0.00748418542406868
1140337,0.007481103012375847
1140333,0.007481103012375847
469101,0.007383990193007449
1037845,0.007333966722872133
1249038,0.007286532459959286
711181,0.007279303604815762
1049123,0.007162947845692679
1138270,0.007139515224014712
1222547,0.007098487519185921
1179833,0.007053379520595771
1054405,0.00704626105925462
1121346,0.00700672927228808
1214241,0.00700672927228808
1138086,0.00700672927228808
1121316,0.00700672927228808
473702,0.006929428798314601
466642,0.006845410092155746
1291610,0.006828774467400026
874409,0.006815861780678517
1054425,0.006736033298958323
1054705,0.006736033298958323
1054716,0.006736033298958323
487510,0.006699777215014814
497019,0.006674579003364173
496953,0.006674579003364173
496942,0.006674579003364173
1142052,0.006632769978273268
744115,0.006602066466066561
1141917,0.006563225650132954
724869,0.006563225650132954
646658,0.006501777987258033
1302264,0.006241546330213317
1207248,0.006234905432094476
1207423,0.006234905432094476
951364,0.006162271973684236
1283215,0.006057838507817889
1214215,0.0057480579152279256
1213681,0.0057480579152279256
1049474,0.005558707338605774
1043059,0.005558707338605774
1049733,0.005558707338605774
1228011,0.005207172178497652
1228005,0.005207172178497652
1130251,0.005127410225600896
1153816,0.0049717817209224925
1154736,0.0049717817209224925
1154345,0.0049717817209224925
1154363,0.0049717817209224925
1042219,0.004917767531750515
646370,0.0048038194552201385
1042212,0.00464589499667356
726111,0.004620455519874403
726558,0.004620455519874403
628819,0.004612221564449107
1213145,0.004396331369978959
1213246,0.004396331369978959
1213252,0.004396331369978959
1213200,0.004396331369978959
495647,0.004334876082834809
372710,0.003661272840999203
1037588,0.0028036789381961705
315512,0.0015718336154835482
495388,0.0013353758613259977
310183,0.0011875984758270661
310031,0.0011079342644738216
313263,0.0010954053806667594
316501,0.0010954053806667594
297973,0.0007286412853470124
312720,0.0006294520354167933
311726,0.0006090173299098428
328522,0.0005640562212958477
312331,0.0005640562212958477
312200,0.0005640562212958477
326345,0.0005640562212958477
329040,0.0005640562212958477
295346,0.00043405107439201406
297466,0.00043405107439201406
297167,0.00042332603507941026
311466,0.00042262816945213487
327680,0.00042262816945213487
317679,0.00042262816945213487
327389,0.00042262816945213487
309434,0.00042262816945213487
1071110,0.00040954739779540834
327302,0.0003948504686484944
1071407,0.0003948504686484944
321694,0.0003948504686484944
1071639,0.0003948504686484944
1071195,0.0003948504686484944
319209,0.00038826275813100085
323922,0.00038826275813100085
328938,0.00037043594782873554
319230,0.00036495356753010364
323802,0.00035953008063858717
1071225,0.00035479931370297336
1071636,0.00035479931370297336
1071270,0.00035479931370297336
318615,0.0003462232343301386
326602,0.0003462232343301386
312811,0.0003363590362076142
314198,0.00032803525719627595
317532,0.00032803525719627595
314850,0.0003237827399932166
323662,0.0003237827399932166
316982,0.0003237827399932166
327752,0.0003232741489316366
307785,0.0003232741489316366
328235,0.0003232741489316366
316973,0.0002943684123835589
324408,0.00029102801377315545
309966,0.00029102801377315545
322230,0.00029102801377315545
310470,0.00029102801377315545
315568,0.00029102801377315545
318869,0.00029102801377315545
1070830,0.0002820729594344566
295186,0.00027160284578152367
307772,0.0002649172739171967
307800,0.0002649172739171967
295294,0.0002483505027825414
314567,0.00023870082718215676
1212692,0.00023732306429668343
311926,0.0002267209103285021
324955,0.0002046810899618655
1212183,0.00020027116730930892
1212523,0.0001871475437636536
1285943,0.0001868475590307717
318124,0.00017452984026301318
318161,0.00017452984026301318
297066,0.00016874845944863347
295973,0.00012715621490457475
297684,0.00012715621490457475
296796,0.00012715621490457475
297646,0.00010892751447299709
295470,0.0001010841616547392
297100,8.92895240311273e-05
