arm_id,risk_score,pred_giorni_residui
1123602,0.9778514987651883,44.7745361328125
699123,0.973562553122538,2150.0
1262008,0.9693181699611152,0.0
1298042,0.9661150766607951,0.0
1123106,0.9650980791966021,18.075897216796875
1040979,0.9610553486794329,68.42083740234375
1039412,0.9610553486794329,68.42083740234375
1039411,0.9610553486794329,68.42083740234375
970977,0.9575340068692819,0.0
1039725,0.9490892222076944,45.837646484375
1039673,0.9302997082544172,26.8648681640625
1041222,0.9204133614306205,0.0
1041238,0.9204133614306205,0.0
1041079,0.9204133614306205,0.0
1041224,0.9204133614306205,0.0
1040290,0.9204133614306205,0.0
1039546,0.9204133614306205,0.0
1041662,0.9204133614306205,0.0
1123439,0.9145958283760856,73.8250732421875
1156196,0.9074605979612991,52.49774169921875
1137712,0.9008894698415274,0.0
1037221,0.9006908440828431,249.6070556640625
278005,0.8979758378512477,238.0
1018158,0.8977788787216239,887.94921875
1018306,0.8977788787216239,887.94921875
1123369,0.8933396817971173,73.8250732421875
1064630,0.8872492531048785,381.7264404296875
673658,0.8837594281955612,1775.0
1018792,0.8806632439496678,557.81640625
1169070,0.8786167970493931,18.4765625
1124150,0.8780989857393814,52.2686767578125
1123376,0.8718454593305922,52.2686767578125
671671,0.8716399342976362,1775.0
1018566,0.8716399342976362,685.576416015625
280500,0.8712355596422574,238.0
278331,0.8712355596422574,238.0
280205,0.8712355596422574,238.0
163393,0.8697371417050952,939.0
1123893,0.8666931191312397,44.7745361328125
169114,0.8575152502449707,939.0
721196,0.8482426620048437,0.0
1123303,0.842261696830049,131.72711181640625
274027,0.8408256073995894,238.0
274080,0.8408256073995894,238.0
971204,0.8387511497717737,606.470703125
960865,0.8358411622367624,617.5003662109375
914038,0.8180909124096656,2140.0
725909,0.8153955735299471,2240.0
161166,0.8036631065503589,939.0
577893,0.8031557765057334,1549.0
980977,0.796691309847966,0.0
1166815,0.787060360004595,41.5633544921875
683536,0.7828252417029581,1410.0
1025589,0.7755824042323873,2505.0
1042052,0.7714465362136074,2872.0
964037,0.7707629168620138,345.108154296875
274795,0.7707629168620138,238.0
336445,0.7707629168620138,338.0
963775,0.7707629168620138,345.108154296875
336531,0.7707629168620138,338.0
273938,0.7683034905047718,238.0
274240,0.7683034905047718,238.0
409304,0.7677919511248015,1351.0
280964,0.7522449471446819,238.0
278178,0.7507932160471764,238.0
279739,0.7507932160471764,238.0
699158,0.7489474959252247,2152.0
1150666,0.7483852095250468,166.88372802734375
1297880,0.744393545446142,0.0
576906,0.7400671586444253,1549.0
1035312,0.7388869602314921,285.298828125
1040529,0.7354096992480159,280.69842529296875
1040678,0.7354096992480159,280.69842529296875
1040567,0.7354096992480159,280.69842529296875
1039449,0.7354096992480159,280.69842529296875
1040921,0.7354096992480159,280.69842529296875
988539,0.7331998452896565,0.0
1156574,0.7319362959626062,393.4075927734375
1286592,0.7317213665491225,0.0
619920,0.7193350446357971,1714.0
1027761,0.7192907858573987,758.25537109375
411158,0.7151825138412978,1351.0
173706,0.7141374487540736,951.0
181487,0.7118234381019943,951.0
173745,0.7116528306136245,951.0
1015612,0.711295376271257,0.0
1015180,0.711295376271257,0.0
277933,0.711295376271257,238.0
1015037,0.711295376271257,0.0
1002046,0.711295376271257,0.0
963785,0.711295376271257,522.7227783203125
990803,0.711295376271257,0.0
1015032,0.711295376271257,0.0
273267,0.711295376271257,238.0
277517,0.711295376271257,238.0
272333,0.711295376271257,238.0
272161,0.711295376271257,238.0
280473,0.711295376271257,238.0
1015007,0.711295376271257,0.0
279620,0.711295376271257,238.0
280321,0.711295376271257,238.0
274507,0.711295376271257,238.0
407795,0.7082986361321035,1351.0
276256,0.706575896474333,238.0
1285636,0.7053243083597606,8.344825744628906
1026720,0.7038455281302312,823.040283203125
963870,0.7038455281302312,481.8946533203125
274420,0.7038455281302312,238.0
275082,0.7038455281302312,238.0
274264,0.7038455281302312,238.0
932195,0.7038455281302312,0.0
1026666,0.7038455281302312,823.040283203125
275000,0.7038455281302312,238.0
141457,0.7037813302333692,826.0
173413,0.7037385266463695,951.0
935437,0.6999407207470129,968.9921875
175381,0.697545760510284,951.0
174436,0.697545760510284,951.0
395831,0.6927835741907447,1261.0
1276522,0.6875834416813029,0.0
1123955,0.6863037866618926,323.701416015625
577851,0.683326510893805,1549.0
576917,0.683326510893805,1549.0
737916,0.6827726642197205,1330.69921875
1174597,0.6788871256496081,607.5625
157404,0.6771576801975434,939.0
153156,0.6771576801975434,939.0
936436,0.6714659560121478,968.9921875
934832,0.6714659560121478,1067.994140625
544669,0.6713928354094767,1115.0
1035468,0.6692765521073689,922.8079833984375
163273,0.6685873954712446,939.0
668949,0.6572874591032839,1775.0
1199987,0.6552506914882531,55.0477294921875
1106744,0.6503882720079088,408.888671875
545747,0.6458774679988487,1115.0
280843,0.6422246276537245,238.0
988736,0.6401373949045026,809.0823974609375
620804,0.6308942579948712,1714.0
620278,0.6308942579948712,1714.0
1159876,0.6248961873909832,178.084228515625
277082,0.6248534851037052,238.0
167022,0.62360060653668,939.0
152966,0.62360060653668,939.0
1080228,0.6232826436948644,128.69158935546875
653358,0.6184075263607431,1714.0
636640,0.6171654163460241,1714.0
1289111,0.6165583528673004,0.0
577157,0.6162323927936607,1549.0
1119245,0.6103597898349091,507.899658203125
1196639,0.6083946714982246,0.0
352705,0.6061316694301915,388.0
352393,0.6061316694301915,388.0
352300,0.6061316694301915,388.0
352055,0.6061316694301915,388.0
352274,0.6061316694301915,388.0
1120444,0.6041046919779413,185.137939453125
1118834,0.6041046919779413,185.137939453125
1118693,0.6041046919779413,185.137939453125
674061,0.596529429040958,1775.0
1018932,0.596529429040958,1956.0
1124502,0.5919023696158403,2.147125244140625
176989,0.5868371145608102,951.0
690328,0.5850237728107456,2140.0
172949,0.5843400657970599,951.0
180834,0.5843400657970599,951.0
162745,0.5780302184907815,939.0
158084,0.5780302184907815,939.0
162737,0.5780302184907815,939.0
405567,0.5778715997546121,1261.0
587132,0.577830024380933,1717.0
180554,0.5774477300670544,951.0
586374,0.577427034884791,1717.0
934103,0.5765350654673782,573.727783203125
1285998,0.5762471545835697,3.68328857421875
739163,0.5734513764180424,584.6259765625
739388,0.5734513764180424,584.6259765625
177473,0.5720489561108509,951.0
545714,0.5715362620604093,1115.0
183369,0.5694212329534168,951.0
1191312,0.5663571680477979,12.961181640625
549019,0.5641237619826786,1331.0
164406,0.5600729231907556,939.0
1120909,0.558005913485249,0.0
409446,0.5578974031326804,1351.0
642169,0.5561862235977291,1714.0
630768,0.5561862235977291,1714.0
652417,0.5561862235977291,1714.0
631623,0.5561862235977291,1714.0
635020,0.5553614621304896,1714.0
1026330,0.5539839744163761,792.0169677734375
1026113,0.5539839744163761,792.0169677734375
1025950,0.5539839744163761,792.0169677734375
687122,0.5528003423319062,1996.0
1098835,0.552079482868919,201.676513671875
651322,0.551311464977158,1714.0
404086,0.5492924700897543,1261.0
719311,0.5373749619523828,2163.0
1096285,0.530884108173611,263.709228515625
620718,0.5308074251236712,1714.0
139371,0.5273968824475584,763.0
1200782,0.5234673616290011,12.5574951171875
1200720,0.5234673616290011,12.5574951171875
638528,0.5219448645263356,1714.0
412119,0.5215594576081771,1351.0
548312,0.5053740439920037,1331.0
1277644,0.5052164844054807,11.65231704711914
963167,0.4963425896688579,2505.0
1034527,0.49468853681178204,291.3895263671875
177122,0.49450615390981606,951.0
166560,0.49389194482049353,939.0
166891,0.49389194482049353,939.0
160780,0.49389194482049353,939.0
156753,0.49389194482049353,939.0
1097512,0.49121671204247025,0.0
1167431,0.49092557231834444,79.96307373046875
1115386,0.48733226457707557,0.0
1196060,0.48733226457707557,50.144866943359375
1116765,0.48733226457707557,0.0
1199342,0.48733226457707557,50.144866943359375
1033948,0.4867876809246366,291.3895263671875
630255,0.4834827007742802,1714.0
652161,0.4834827007742802,1714.0
652764,0.4834827007742802,1714.0
647191,0.4834827007742802,1714.0
1036420,0.48125024209400247,637.9866943359375
583078,0.4795403282652951,1409.0
620208,0.4790582051115467,1714.0
625122,0.47882868944357,1714.0
1247485,0.47798641184502494,0.0
638947,0.47798420194422386,1714.0
675106,0.47350505187352865,1775.0
1029750,0.47266422888915915,37.43206787109375
753331,0.47242052219457953,2140.0
1037423,0.47196171929690706,190.890869140625
402886,0.46888532643708913,1261.0
1115730,0.4677719286827037,0.0
1060032,0.4662709976578049,40.37176513671875
1253788,0.4650381976191487,0.0
411226,0.4644208343660571,1351.0
412500,0.4644208343660571,1351.0
673395,0.46407013389316976,1775.0
1034170,0.4604437664912266,167.618896484375
409726,0.46018439118535875,1351.0
1203523,0.45846660633978215,357.380126953125
179953,0.4554368548096495,951.0
565255,0.4537191337809604,1549.0
474377,0.4530383225614928,1446.0
474389,0.4530383225614928,1446.0
738326,0.44957314737744075,721.548095703125
739161,0.44957314737744075,721.548095703125
738106,0.44957314737744075,721.548095703125
177633,0.44870181483152377,951.0
168422,0.446996183324819,939.0
683374,0.4466799331436663,1775.0
164787,0.4428051223071714,939.0
152871,0.4428051223071714,939.0
163656,0.4428051223071714,939.0
153293,0.4428051223071714,939.0
157186,0.4428051223071714,939.0
1089744,0.44137297773725753,428.3106689453125
1184498,0.4374494397649961,303.697998046875
1029943,0.43735450360199046,77.29052734375
1099983,0.4359502423357875,1270.0185546875
688032,0.43491551423285496,1996.0
1205845,0.4344507662941602,336.881103515625
179903,0.43084184142868004,951.0
754402,0.43038070439719533,2140.0
754395,0.43038070439719533,2140.0
402191,0.4288709452414873,1261.0
140441,0.42518145820076864,763.0
410671,0.42450018622036984,1351.0
409965,0.42450018622036984,1351.0
1170406,0.42118504347525426,6.9970703125
278748,0.42020873989803004,238.0
1061572,0.4176445865093578,1534.756591796875
1289570,0.4138580902713094,0.0
476322,0.41122177145051036,1446.0
1036142,0.40739206163379976,367.154296875
1036146,0.40739206163379976,367.154296875
549496,0.40483604155131075,1331.0
548867,0.40483604155131075,1331.0
1198312,0.4047324054805632,58.63885498046875
1030574,0.403778317610307,0.0
1029729,0.403778317610307,0.0
1231877,0.4037207434702488,710.0745849609375
1245587,0.40312000938295134,37.29083251953125
183637,0.4029221459857397,951.0
1218210,0.4019035230902271,71.40646362304688
582932,0.4005085637546289,1409.0
271896,0.39758569399730354,238.0
271363,0.39758569399730354,238.0
335379,0.39758569399730354,338.0
336063,0.39758569399730354,338.0
376703,0.39758569399730354,1102.0
341714,0.39758569399730354,372.0
335802,0.39758569399730354,338.0
376207,0.39758569399730354,1102.0
271736,0.39758569399730354,238.0
970620,0.39758569399730354,1059.83544921875
271688,0.39758569399730354,238.0
271487,0.39758569399730354,238.0
271919,0.39758569399730354,238.0
970661,0.39758569399730354,1059.83544921875
336017,0.39758569399730354,338.0
624978,0.396436992885728,1714.0
627065,0.39619372473401887,1714.0
1212747,0.3961477026966767,46.48982238769531
275421,0.3941733888963639,238.0
550106,0.3940882953516589,829.0
550283,0.3940882953516589,829.0
919080,0.3930739732587445,2505.0
395987,0.3915104690355075,1261.0
548352,0.3906295793731692,1331.0
549229,0.3906295793731692,1331.0
1029984,0.3905499960882535,86.1966552734375
1030336,0.3884835848652673,223.9737548828125
1116495,0.3829514630331867,0.0
1287315,0.381782047697615,0.0
1289573,0.381782047697615,0.0
630345,0.38117859494075895,1714.0
1127548,0.38081030479278144,289.334716796875
1155828,0.38074761637488863,72.48416137695312
1155773,0.37793820783990495,430.120361328125
83114,0.37159586426896907,2505.0
403613,0.37108239549277966,1261.0
403837,0.37108239549277966,1261.0
1029965,0.3705598395557749,121.2080078125
177649,0.3705598395557749,951.0
180059,0.3697304251668739,951.0
173851,0.3684032608837051,951.0
162015,0.3682850042244331,939.0
160286,0.3682850042244331,939.0
1099874,0.3627089330941214,412.6214599609375
1103792,0.3561278848359048,491.155029296875
738761,0.3545830540687342,606.2138671875
739046,0.3545830540687342,606.2138671875
1245814,0.35305494791491565,0.0
1021042,0.35066200204055703,0.0
978067,0.3470245789218123,2506.0
1035654,0.34336544783096445,120.40789794921875
1143502,0.34336544783096445,0.0
688349,0.3397444506911702,1996.0
1120320,0.33604233839720593,196.79974365234375
638209,0.33589085500386245,1714.0
651738,0.33589085500386245,1714.0
279179,0.33562942592359407,238.0
754951,0.3356087416907496,2140.0
184876,0.33325122991956924,1086.0
1118700,0.3299142975766678,88.16912841796875
1031700,0.3296251171548922,142.38079833984375
875949,0.3295753887622698,1409.0
1093032,0.3292629666372172,1775.0
1151477,0.32831482524093997,291.3895263671875
1151475,0.32831482524093997,291.3895263671875
1125744,0.32790688194941425,2140.0
786320,0.32790688194941425,2140.0
1124842,0.32790688194941425,2140.0
352678,0.32082620559172953,388.0
1274614,0.31750765965534355,0.0
1094636,0.31735453799713387,1775.0
174029,0.3154569551609738,951.0
412318,0.3143201843341046,1351.0
747587,0.31305879859423624,2283.0
1144142,0.31150930018902195,0.0
1144068,0.31150930018902195,0.0
1143584,0.31150930018902195,0.0
1143857,0.31150930018902195,0.0
860933,0.30651810591149287,2095.54345703125
1115935,0.3045283918209938,165.5101318359375
1116120,0.3045283918209938,165.5101318359375
1095131,0.30120584080151486,62.20465087890625
1017835,0.3010707338957952,1956.0
870878,0.30057077245610786,1775.0
185445,0.30010113829987933,1200.0
171212,0.29760970280489707,939.0
1118773,0.29722053604217014,157.0093994140625
689063,0.29541895235295784,1987.0
1069671,0.2933609570195031,1548.76904296875
1018430,0.29208586313770296,1956.0
182037,0.2904406627437759,951.0
1231154,0.2904286610541087,47.2266845703125
1254169,0.28986639584741813,0.0
1079917,0.2897955174808683,62.01025390625
588033,0.28898191735518985,1440.0
1118594,0.28733470904838465,222.71173095703125
1117852,0.2868850217142796,196.913818359375
1247242,0.2855654485041855,0.0
1247205,0.2855654485041855,0.0
1118160,0.28478027472344974,210.45013427734375
1118127,0.28478027472344974,210.45013427734375
1143295,0.28478027472344974,0.0
1119463,0.28478027472344974,210.45013427734375
1143322,0.28478027472344974,0.0
1249510,0.2813725539402119,90.02203369140625
1143636,0.27933886657831497,0.0
1025881,0.2786299638314445,380.495849609375
755647,0.270858332474698,2140.0
673609,0.2707366322601616,1775.0
673641,0.2707366322601616,1775.0
673597,0.2707366322601616,1775.0
672809,0.2707366322601616,1775.0
1264880,0.2695197833625028,0.0
153347,0.2693531855062388,939.0
163085,0.2693531855062388,939.0
689122,0.26662940164070115,1987.0
553346,0.2654636307569863,1396.0
1245484,0.2645674149155259,99.52920532226562
828935,0.2643597978861982,0.0
547096,0.2637551935023533,1115.0
546810,0.2637551935023533,1115.0
543823,0.2637551935023533,1115.0
720003,0.26230151222470277,2122.0
1143741,0.2618014027240516,0.0
1109678,0.26165130006591686,204.4312744140625
963692,0.26123539520726,2505.0
1118402,0.2610429567446275,155.373291015625
1034675,0.2590980911257669,255.7135009765625
1127357,0.2581883230894429,81.14785766601562
1128687,0.2581883230894429,81.14785766601562
1127220,0.2581883230894429,81.14785766601562
1127348,0.2581883230894429,81.14785766601562
1127169,0.2581883230894429,81.14785766601562
1178530,0.2565443783510273,0.0
961760,0.2559944926312083,2505.0
962036,0.2559944926312083,2505.0
944348,0.2558883367851635,978.411865234375
546364,0.2531481159649143,1115.0
551307,0.2531481159649143,1396.0
626025,0.2516073883825182,1714.0
1245663,0.25117376211120634,0.0
1245664,0.25117376211120634,0.0
543998,0.24781858826476955,1115.0
546140,0.24781858826476955,1115.0
1245725,0.24763911483805456,129.91964721679688
870211,0.24710258838467533,2140.0
1246428,0.24584838462614853,51.162200927734375
1176328,0.24551857585120593,110.13479614257812
183871,0.24394984837446346,1086.0
183985,0.24394984837446346,1086.0
843558,0.24156917127991379,0.0
170680,0.24086417101182053,939.0
141129,0.24086417101182053,826.0
141915,0.24086417101182053,826.0
141990,0.24086417101182053,826.0
1176527,0.24059866875477107,0.0
688447,0.24030510627817295,1996.0
1157095,0.2400450510828668,590.8119506835938
552186,0.23879601650056032,1396.0
550523,0.23832647142974928,829.0
643754,0.23555922779348024,1714.0
687340,0.23429630103121585,1996.0
543767,0.23317982852613753,1115.0
1176120,0.23315398132777632,0.0
176844,0.23279620833293418,951.0
1262130,0.23264528119428177,11.58730697631836
1176357,0.23252212420255935,0.0
404608,0.2321089620980973,1261.0
404671,0.2321089620980973,1261.0
551713,0.2311748650004763,1396.0
553701,0.2311748650004763,1396.0
1118482,0.2310027915178002,255.550048828125
786756,0.23090907987424533,2140.0
181741,0.23016632302943116,951.0
1176170,0.2297857066343399,107.18649291992188
1030284,0.22959879080271772,158.364990234375
959722,0.22734596351529648,2505.0
1251090,0.22728090078806606,42.121124267578125
914595,0.22688678936620088,2140.0
1254022,0.22672953281516234,0.0
1246642,0.22635406019298135,135.66253662109375
652487,0.22622811686160962,1714.0
1068208,0.2260251493687578,0.0
1097145,0.22573708131377182,1058.1746826171875
587938,0.22346249032900484,1440.0
1169550,0.22328998054123048,57.420867919921875
1169821,0.22328998054123048,57.420867919921875
1171628,0.22328998054123048,57.420867919921875
1265770,0.21847261237287552,25.352577209472656
170614,0.21735479843530503,939.0
644200,0.21539059644692438,1714.0
1246975,0.21204993411370027,248.46414184570312
687325,0.21165706798676326,1996.0
1097642,0.21122048653671974,255.9100341796875
1188912,0.2102203897835215,84.90115356445312
1116999,0.20986873774499323,35.3057861328125
580377,0.2088241045365926,1409.0
687810,0.20821146197525328,1996.0
1169597,0.2075688652858945,83.52401733398438
1045234,0.20701304340818405,1044.0
176456,0.20621057449263228,951.0
723695,0.20445727263149474,2226.0
547176,0.20445727263149474,1115.0
544068,0.20445727263149474,1115.0
1245414,0.2039793578998446,99.7598876953125
643933,0.2038367545370639,1714.0
1263884,0.20369199232959273,0.0
1155662,0.20255335859727086,370.106689453125
1228359,0.20167592946364368,297.89178466796875
1169706,0.19968082441545815,50.4599609375
740324,0.1991322968394914,2272.0
1253918,0.19816980232931028,0.3868751525878906
638298,0.19796472924084693,1714.0
740903,0.19776635195915754,0.0
1181745,0.19724341447048338,2505.0
934866,0.19616095450200183,1464.33544921875
546346,0.19530115974994447,1115.0
1123936,0.19516307418907758,204.68072509765625
924087,0.19400703966963184,2505.0
1245979,0.19326563812943462,319.6766357421875
1246260,0.19326563812943462,319.6766357421875
1065525,0.19214004672344223,692.000732421875
564405,0.19037865966069253,1549.0
919235,0.18978892066722292,2505.0
651583,0.18894002416572794,1714.0
962537,0.18776998162032776,2505.0
1018531,0.18769579434214245,1956.0
643234,0.18736596408563674,1714.0
550079,0.18707309166669991,829.0
959958,0.18658573037014453,2505.0
179511,0.18612042522463104,951.0
674329,0.185794264694657,1775.0
175770,0.18535711809674357,951.0
183680,0.18535711809674357,951.0
399945,0.18516172156171964,1261.0
397655,0.18516172156171964,1261.0
406228,0.18516172156171964,1261.0
401884,0.18516172156171964,1261.0
1169404,0.18499384377983355,147.9158935546875
741249,0.18435986791763634,185.381103515625
1027709,0.1837981107128247,2418.217041015625
1139187,0.1837981107128247,729.0
917615,0.18379196062454894,2505.0
139047,0.18377750863876033,763.0
136352,0.18377750863876033,763.0
136336,0.18377750863876033,763.0
553469,0.18311087341588636,1396.0
1265523,0.1796254682895447,54.1162109375
635192,0.17874401902674897,1714.0
1105754,0.17869924924797534,2402.687255859375
652010,0.17740082008052538,1714.0
1247009,0.17712423792593,68.56076049804688
688904,0.1717213425400827,1987.0
1025844,0.17160230333661705,2505.0
1023513,0.17003220452851422,718.8321533203125
1022806,0.17003220452851422,718.8321533203125
925882,0.16993653693957994,2505.0
924141,0.168346901055781,2505.0
651767,0.16789223528441605,1714.0
636465,0.16789223528441605,1714.0
920026,0.16734960164487317,2505.0
922724,0.16734960164487317,2505.0
1096309,0.16734087241156823,351.88507080078125
925828,0.16572031008141214,2505.0
634225,0.1620697123328714,1714.0
917264,0.16170508120349503,2505.0
1000442,0.16169719614916767,264.316650390625
1229621,0.16154983139529688,174.14422607421875
404258,0.1612278419381484,1261.0
913534,0.16088075328999424,1775.0
1056542,0.16068394987231993,724.952880859375
888185,0.16059007027984207,2109.0
1031397,0.16041478294332503,384.8721923828125
922830,0.15823406867353673,2505.0
1277794,0.15791706944940642,0.0
1094527,0.1567868195357192,1775.0
543358,0.15635684693482332,1409.0
178073,0.15610735727406352,981.0
171951,0.15507336668158012,939.0
1027307,0.15506957881760047,2130.06298828125
395893,0.154987797984348,1261.0
916642,0.15487270800231817,2505.0
970645,0.15465757538899214,2505.0
178130,0.15440259728436093,951.0
645382,0.15356692124162902,1714.0
645685,0.15356692124162902,1714.0
1037342,0.15350374137701456,53.67510986328125
1065572,0.15327429002498497,950.0052490234375
1028185,0.15306969188010475,163.27386474609375
578761,0.15219904999861605,1627.0
173490,0.15112214561029202,951.0
962765,0.15076143585942164,2505.0
713087,0.15050970537894937,2140.0
1127448,0.14941133018211608,83.653564453125
1173826,0.14932185761194364,533.6513671875
1173824,0.14932185761194364,533.6513671875
1228652,0.14853490555731338,141.32440185546875
741546,0.1465854955398418,2272.0
687549,0.1461169165366525,1996.0
138051,0.14603310560419888,763.0
138220,0.14603310560419888,763.0
138225,0.14603310560419888,763.0
139011,0.14603310560419888,763.0
679325,0.14555117746545534,1775.0
185767,0.14477595426429962,1200.0
185836,0.14477595426429962,1200.0
185849,0.14477595426429962,1200.0
169185,0.14434126575784006,939.0
999631,0.14432310204156776,236.9544677734375
1060430,0.14418897143024184,204.4312744140625
634151,0.1434789652763678,1714.0
1286150,0.14333716662968166,0.0
914940,0.1402633862399717,2140.0
579694,0.14000220490913012,1409.0
646215,0.13998485312607611,1714.0
631462,0.13998485312607611,1714.0
926987,0.13986649482256786,2505.0
186075,0.13895990110982687,1156.0
1223823,0.13850331464190505,193.94158935546875
960790,0.13834592601725754,2505.0
927469,0.137753055757287,2505.0
924151,0.137753055757287,2505.0
1021005,0.1375308163635458,333.4632568359375
927575,0.13471355460673395,2505.0
1171279,0.13465406954698012,40.400726318359375
636122,0.13413785029895758,1714.0
409870,0.13380375832319935,1351.0
672414,0.13361436885754574,1702.0
1173135,0.13320765451712463,694.5045166015625
1173821,0.13320765451712463,694.5045166015625
1174148,0.13320765451712463,694.5045166015625
1147319,0.1327495666516724,71.40646362304688
674118,0.13248291557177075,1775.0
1205240,0.13237752521481433,2505.0
1020156,0.13170501288640293,0.0
1024074,0.13089833648687804,315.49609375
919504,0.1308851770640845,2505.0
584510,0.13063032850323242,1379.0
1063218,0.13056884935727112,1025.0791015625
998993,0.13007827508559686,31.14434814453125
991186,0.13007827508559686,31.14434814453125
991127,0.13007827508559686,31.14434814453125
998984,0.13007827508559686,31.14434814453125
999287,0.13007827508559686,31.14434814453125
933565,0.12994046943280957,1409.0
933443,0.12994046943280957,1409.0
933420,0.12994046943280957,1409.0
933577,0.12994046943280957,1409.0
1170875,0.12956838839883822,57.420867919921875
532169,0.12857058650105835,1409.0
628726,0.12836858655646638,1714.0
1171490,0.12705078808061682,42.059783935546875
405856,0.1264880588329037,1261.0
996147,0.1261841831051249,0.0
1028478,0.1261841831051249,49.86468505859375
997318,0.1261841831051249,0.0
991021,0.1261841831051249,0.0
993536,0.1261841831051249,0.0
993499,0.1261841831051249,0.0
992079,0.1261841831051249,0.0
992203,0.1261841831051249,0.0
992184,0.1261841831051249,0.0
998630,0.1261841831051249,0.0
992239,0.1261841831051249,0.0
997517,0.1261841831051249,0.0
997741,0.1261841831051249,0.0
997523,0.1261841831051249,0.0
998592,0.1261841831051249,0.0
991285,0.1261841831051249,0.0
993255,0.1261841831051249,0.0
137446,0.12584222653560465,763.0
137525,0.12584222653560465,763.0
136039,0.12584222653560465,763.0
138066,0.12584222653560465,763.0
137034,0.12584222653560465,763.0
1146452,0.1257127042098838,83.52401733398438
932940,0.12446156896929997,1409.0
396516,0.12402881943780203,1261.0
1216348,0.1239552126550074,192.32916259765625
1285671,0.12379380066627732,26.53436279296875
1023080,0.1234557833213413,325.1734619140625
402981,0.12289949563550646,1261.0
402982,0.12289949563550646,1261.0
1102709,0.1213789306859483,0.0
1164951,0.12120103306758054,0.0
173432,0.12044903853714957,951.0
1153214,0.12013813966090958,1001.3638916015625
642349,0.11952578754589342,1714.0
644638,0.11901149407566636,1714.0
917586,0.11889015858006573,2505.0
923123,0.11804695504840654,2505.0
741696,0.11782929329878696,2275.0
1159468,0.11753886893677919,550.5936889648438
993653,0.11724495292165255,67.43896484375
992458,0.11724495292165255,67.43896484375
1007086,0.11724495292165255,37.4810791015625
925109,0.1170047049875394,2505.0
924694,0.11661474246581309,2505.0
183141,0.11483652553785664,951.0
1247063,0.11430227486929209,368.68536376953125
412700,0.11423048027239949,1351.0
412696,0.11423048027239949,1351.0
686621,0.11385265272742981,1996.0
1185097,0.11274794215084039,251.370361328125
1205603,0.11161954750355405,2505.0
1182027,0.11159416569986068,2505.0
639004,0.11158694818716323,1714.0
920490,0.11117304131541966,2505.0
1148758,0.11081642734777562,410.73382568359375
1183812,0.11080376174454609,48.29437255859375
1171397,0.11039865564011378,58.71990966796875
1171306,0.11039865564011378,58.71990966796875
1275097,0.11032911030161943,21.33648681640625
1273690,0.11032911030161943,21.33648681640625
1263463,0.11029665052575553,0.0
1058031,0.10995227581978537,221.729248046875
932503,0.10987141033578418,2600.0
1266252,0.10930059564950768,0.0
1142774,0.10902096516809652,13.482696533203125
1262455,0.10893483090687846,0.0
1255329,0.10893483090687846,0.0
632384,0.10883478634837303,1714.0
632272,0.10883478634837303,1714.0
639460,0.10883478634837303,1714.0
639754,0.10843596283919191,1714.0
1205482,0.10772979350537087,2505.0
1086888,0.1077199670550799,0.0
655293,0.10770375177172961,1775.0
1183711,0.10767332763895007,0.0
1021920,0.10714188898785043,1362.5576171875
1282494,0.10714188898785043,1459.951904296875
1145911,0.10638688852739447,177.19921875
1067606,0.10634404562571503,1376.0
1212725,0.10585114768440175,123.16143798828125
181986,0.10540770489023656,951.0
155166,0.10478793885482063,939.0
936309,0.10412579432619261,1124.72314453125
960495,0.10396560543042392,2505.0
1203432,0.10391426328653665,0.0
1172577,0.1029430907988477,1270.0185546875
945164,0.10264442731409024,1285.060546875
924661,0.1021926362803509,2505.0
969631,0.1021926362803509,2505.0
1175576,0.10208760318051331,476.738037109375
1028645,0.1016913121169125,0.0
1156502,0.10156601397853875,173.24102783203125
1043743,0.10142609618028746,1044.0
1046531,0.10142609618028746,1044.0
1049188,0.10142609618028746,1044.0
1022709,0.10076841030820398,14.14599609375
970581,0.10076841030820398,2505.0
401067,0.10014192869524055,1261.0
654305,0.09976929376824836,1775.0
746276,0.09960909307179729,2140.0
395762,0.09894398731583054,1261.0
945370,0.09878058696723249,2505.0
1173645,0.09878057690429888,692.000732421875
1175497,0.09878057690429888,692.000732421875
1172642,0.09878057690429888,692.000732421875
729020,0.09865099584139304,2140.0
1089797,0.09845284850308514,314.7291259765625
1173615,0.09808209742366936,69.55633544921875
1174079,0.09808209742366936,69.55633544921875
1084022,0.09801975749903773,78.64459228515625
1199967,0.09723125405368252,343.89556884765625
397361,0.09721886863008863,1261.0
1002687,0.09585516870932248,104.84716796875
403239,0.09563816750743553,1261.0
136802,0.09560390066163381,763.0
136753,0.09560390066163381,763.0
136603,0.09560390066163381,763.0
395625,0.09552088539201081,1261.0
1221583,0.09525883602378032,59.058349609375
933364,0.09501423473312606,1409.0
412838,0.09443810938519942,1351.0
916885,0.093630250802278,2505.0
924758,0.093630250802278,2505.0
970791,0.09353185079008762,1600.0
1032969,0.09348049145302888,341.7711181640625
1227661,0.09320947469625797,460.4293212890625
400961,0.09260286292143753,1261.0
871596,0.09253223360412775,1775.0
992560,0.0923409955093732,46.439697265625
993722,0.0923409955093732,46.439697265625
1171307,0.09206216746240994,51.20404052734375
937064,0.09192254361016819,2505.0
1225569,0.09076631505482746,123.84109497070312
923216,0.09025100456960707,2505.0
1145925,0.08936900871817077,0.0
631936,0.08914663657063648,1714.0
400491,0.08890516401748244,1261.0
670435,0.08887925461854468,1775.0
1057113,0.08817844155191604,412.6214599609375
1167112,0.0881126538987777,0.0
1170590,0.08808464506462843,91.21746826171875
1171517,0.08808464506462843,91.21746826171875
1020039,0.08807913718404535,0.0
1226887,0.08790716838658336,120.687255859375
1209402,0.08759641732595583,1063.578857421875
669511,0.08756975527658946,1775.0
637693,0.08725402619722317,1714.0
637673,0.08725402619722317,1714.0
1127369,0.08719170743627573,133.15850830078125
916081,0.08709404392373127,2140.0
915961,0.08709404392373127,2140.0
139406,0.08672040155747997,763.0
653223,0.08608743096556039,1714.0
1033369,0.08599063683395983,182.4337158203125
927258,0.08571946622438027,2505.0
351914,0.08487177444866298,388.0
961749,0.08487177444866298,2505.0
999989,0.08487177444866298,0.0
999959,0.08487177444866298,0.0
920774,0.08487177444866298,2505.0
170337,0.08479978906380513,939.0
1096198,0.08349743752123434,39.2742919921875
996188,0.08316392868642483,65.1202392578125
746133,0.08292272561640461,2140.0
746136,0.08292272561640461,2140.0
993191,0.08287608110812233,85.031494140625
994742,0.08287608110812233,85.031494140625
990695,0.08287608110812233,85.031494140625
996112,0.08287608110812233,85.031494140625
993985,0.08287608110812233,85.031494140625
988761,0.08287608110812233,85.031494140625
995373,0.08287608110812233,85.031494140625
990953,0.08287608110812233,85.031494140625
997216,0.08287608110812233,85.031494140625
743241,0.08282040708091512,2276.0
995128,0.08249641371564592,0.0
740595,0.0820823741168383,2272.0
996547,0.08171933851866076,0.0
1276439,0.08117926525718495,28.653030395507812
1102743,0.08115314421236836,0.0
401932,0.08079962770727568,1261.0
847342,0.07988656916192091,2140.0
869567,0.07932073286925542,2230.0
739674,0.07932073286925542,2260.0
739687,0.07932073286925542,2260.0
739773,0.07932073286925542,2260.0
869315,0.07932073286925542,2230.0
1205639,0.07929413277521379,2149.645263671875
737224,0.07916933061793072,2260.0
913852,0.0790465904270057,2140.0
401435,0.07882592353580517,1261.0
1108153,0.07870591334489295,43.9197998046875
400007,0.07862111419183422,1261.0
1101145,0.07861992970323066,2588.7861328125
1196247,0.07854683488956068,123.82180786132812
1201021,0.07854683488956068,69.73568725585938
577954,0.07843620912628865,1549.0
401134,0.07839196899700047,1261.0
406272,0.07839196899700047,1261.0
401097,0.07839196899700047,1261.0
406029,0.07839196899700047,1261.0
397530,0.07839196899700047,1261.0
403437,0.07839196899700047,1261.0
402630,0.07839196899700047,1261.0
990430,0.07815762022851859,81.891357421875
1003773,0.07815762022851859,52.1121826171875
1004561,0.07815762022851859,52.1121826171875
991147,0.07815762022851859,81.891357421875
1004573,0.07815762022851859,52.1121826171875
961942,0.0780835778291261,2505.0
740514,0.07803379278682068,713.139404296875
183895,0.07765221066471231,1086.0
740423,0.07763297814280827,0.0
151216,0.07734353510947456,939.0
998969,0.07733824533693148,94.7030029296875
1001109,0.07716702329074145,0.0
994659,0.07716702329074145,0.0
997489,0.07716702329074145,0.0
1001060,0.07716702329074145,0.0
1005311,0.07716702329074145,0.0
1004420,0.07716702329074145,0.0
964885,0.0769947991761697,2505.0
164237,0.07676569687483846,939.0
755638,0.0764058329256038,2140.0
991306,0.07635717323826391,19.2537841796875
650238,0.07631893339204021,1714.0
183829,0.07622885041113092,1086.0
1193153,0.07605694491461176,0.0
1193133,0.07605694491461176,0.0
1174451,0.07601789355469452,457.7763671875
960580,0.07584546613328365,2505.0
1172593,0.07582895774432198,346.21044921875
1173416,0.07582895774432198,346.21044921875
1172716,0.07582895774432198,346.21044921875
1172573,0.07582895774432198,346.21044921875
1173065,0.07582895774432198,346.21044921875
1216879,0.07558971987821721,176.91650390625
870449,0.07556393461881189,2140.0
1225454,0.07518488580526704,439.9832763671875
686809,0.07509472859595073,1996.0
401669,0.07507100172120627,1261.0
1167748,0.07462959874879224,5.95849609375
1169998,0.07462959874879224,5.95849609375
744308,0.07425899995332509,2140.0
1221991,0.07407359904868722,46.370391845703125
156607,0.07364273140549553,939.0
158424,0.07364273140549553,939.0
161158,0.07364273140549553,939.0
1276466,0.07345667724181346,33.10485076904297
1102802,0.07328141497031287,0.0
743434,0.0727144543835229,0.0
743610,0.0727144543835229,0.0
563131,0.07266198696888108,1409.0
933496,0.07256970491625926,1409.0
933298,0.07256970491625926,1409.0
963372,0.07240384740291744,2505.0
1151330,0.0717953656010196,884.4010009765625
1151287,0.0717953656010196,884.4010009765625
1151166,0.0717953656010196,884.4010009765625
1222206,0.07137201611331,37.86112976074219
915670,0.0711526971603515,2140.0
688631,0.07099689346042239,1987.0
869161,0.07098706451122327,2230.0
459400,0.07086784467486408,1409.0
482928,0.07086784467486408,1409.0
783113,0.07074567325270248,2140.0
783244,0.07074567325270248,2140.0
783253,0.07074567325270248,2140.0
746355,0.07049774965989453,2140.0
1004123,0.07003432259668463,88.7159423828125
993210,0.07003432259668463,120.3197021484375
1215469,0.06952121145873665,0.0
463040,0.06937172004598825,1409.0
488343,0.06937172004598825,1409.0
1169109,0.06935490818229895,247.66888427734375
1169167,0.06935490818229895,247.66888427734375
488953,0.06924487788755213,1409.0
1051477,0.06904497044267617,1044.0
396188,0.06888485087610281,1261.0
1171949,0.0687242961178708,189.2310791015625
783297,0.06867181012750112,2140.0
784207,0.06867181012750112,2140.0
1070295,0.06861909805672117,1456.855224609375
464025,0.06859907991876184,1409.0
396215,0.06853883367799087,1261.0
982135,0.06833702210285303,2505.0
1138879,0.0681980702881881,1877.0
1282705,0.06818451546947199,2505.0
1200885,0.06778762508892314,336.05419921875
1291352,0.06776468850478685,0.0
1138924,0.06766795155244437,1877.0
1191072,0.06739319278056662,65.65432739257812
1198194,0.06724467143125087,0.0
1202350,0.06724467143125087,0.0
863180,0.06721747893502676,2230.0
998328,0.06684889532409978,139.962646484375
1029058,0.06684889532409978,204.7740478515625
989567,0.06684889532409978,139.962646484375
989430,0.06684889532409978,139.962646484375
1136223,0.06671152496420142,68.58279418945312
1069215,0.06663771763241919,442.4747314453125
1203246,0.06644848614849944,0.0
1242743,0.06637382275577276,0.0
1242545,0.06637382275577276,0.0
1242806,0.06629732283884696,26.25299072265625
1228589,0.06608504966821761,48.416717529296875
1150977,0.06605614960842568,217.83282470703125
1200147,0.06595830011414087,0.0
1199491,0.06595830011414087,23.4229736328125
1191943,0.06595830011414087,0.0
1202464,0.06595830011414087,0.0
469381,0.06585903101339927,1409.0
671024,0.06565410425745556,1775.0
989510,0.06549136308603368,0.0
407588,0.0653569305433983,1351.0
1019904,0.06526710663740909,0.0
847299,0.06526114305311174,2140.0
1109874,0.06509279169011588,824.4404296875
1106731,0.06501581953419346,833.3551025390625
1050897,0.06492218200272187,1044.0
1033509,0.06486314310781938,0.0
989703,0.06486314310781938,0.0
989473,0.06486314310781938,0.0
996321,0.06486314310781938,0.0
999901,0.06486314310781938,0.0
1029197,0.06486314310781938,19.67578125
49044,0.06482868952909453,1407.0
965798,0.06471847998353197,2505.0
668611,0.06427805885383651,1572.0
1217918,0.06420770105872461,37.7177734375
1217908,0.06420770105872461,37.7177734375
870424,0.06411339191175121,2140.0
402875,0.06394661012440622,1261.0
983914,0.06385749296347244,2505.0
1215952,0.06314638653965926,176.91650390625
659298,0.06285298461232486,1775.0
785038,0.06270468541562205,2140.0
998844,0.06265311303047807,122.88623046875
1006077,0.06265311303047807,69.27764892578125
996518,0.06255822982535604,0.0
946028,0.06255822982535604,618.222412109375
1138946,0.06255822982535604,1877.0
1001865,0.06255822982535604,0.0
670796,0.06252140003477927,1775.0
1151199,0.0619987751996472,457.7763671875
1246532,0.06164357758860144,113.75436401367188
967929,0.061332243642878224,2505.0
1001995,0.06012154490213195,0.0
1029346,0.06012154490213195,0.0
1272597,0.06008179481046117,0.0
1287516,0.060081169275158074,2.1107711791992188
1070331,0.059731241849646295,2135.181396484375
820034,0.059547925371219,2140.0
821410,0.059547925371219,2140.0
820579,0.059547925371219,2140.0
820940,0.059547925371219,2140.0
821435,0.059547925371219,2140.0
961159,0.059517500519181324,2505.0
140125,0.059517500519181324,763.0
1163598,0.059401746923257205,69.81478881835938
823906,0.058792234442533,2140.0
1162514,0.05875139467290185,154.1707763671875
1163735,0.05875139467290185,154.1707763671875
968112,0.05865548000423217,2505.0
398513,0.058567081027036304,1261.0
689169,0.05808774145969401,1775.0
966066,0.05805948876613048,2505.0
1020683,0.057952051185559454,1913.248291015625
909394,0.05776924409852737,1741.10986328125
1167372,0.057698484725285215,326.4091796875
1243326,0.05768936846510002,255.793212890625
1002209,0.057613957970482334,0.0
1001126,0.057613957970482334,0.0
1290646,0.0574929751296441,0.0
824877,0.05749008159347711,2140.0
824878,0.05749008159347711,2140.0
1015910,0.05745478447402455,1775.0
1067287,0.05739829998104386,144.75518798828125
1235309,0.0573262984012674,2505.0
966747,0.057307786818298394,2505.0
1083250,0.05714170462219334,1044.0
1282868,0.05684590233346082,2505.0
1206578,0.05665797480171653,26.747787475585938
1207124,0.05665797480171653,26.747787475585938
1136372,0.05665797480171653,94.60968017578125
1206953,0.05665797480171653,26.747787475585938
1137394,0.05665797480171653,94.60968017578125
1136489,0.05665797480171653,94.60968017578125
1136816,0.05665797480171653,94.60968017578125
1136462,0.05665797480171653,94.60968017578125
481595,0.05638547711228664,1409.0
955122,0.05638035580937683,2171.0
1029486,0.05620331308155445,14.87628173828125
878454,0.0559965525745087,2505.0
908669,0.05596933619581018,0.0
455172,0.055908516516858416,2110.0
1272057,0.05586538603821924,0.0
1272107,0.05586538603821924,0.0
737796,0.05580214907686646,0.0
1164438,0.055379908946785496,162.83612060546875
739698,0.05532991575978873,2260.0
914711,0.05525093634875469,2140.0
1201819,0.05512531673901224,416.583984375
1192766,0.05512531673901224,416.583984375
1084569,0.05505926257920925,43.9197998046875
1100626,0.05505926257920925,377.461669921875
915450,0.054897294636030027,2140.0
915589,0.054897294636030027,2140.0
915111,0.054897294636030027,2140.0
825139,0.0548156534082385,2140.0
1282161,0.05456966347574413,2505.0
720054,0.05443941652841574,2185.0
1035724,0.05427440979684326,667.374267578125
1226750,0.05424247588522567,536.5342407226562
910805,0.054049042476580586,0.0
1037357,0.05398509330065295,61.857666015625
1157888,0.053971492415966105,49.50616455078125
580165,0.05355271680599269,1754.0
640081,0.0534371994591985,1714.0
742402,0.05334839753964746,2276.0
853537,0.05332156318748631,2140.0
1215572,0.05309847105717275,378.093017578125
1217198,0.05309847105717275,350.04638671875
1217637,0.05309847105717275,378.093017578125
487558,0.05304154203669194,1409.0
784550,0.0529351822477474,2140.0
989835,0.05245663576776569,977.9471435546875
1022440,0.05244200778927039,1061.9677734375
1147051,0.052418369100155265,192.32916259765625
935658,0.0521511552483421,105.6893310546875
942507,0.0521511552483421,105.6893310546875
399710,0.05213965763182055,1261.0
1282410,0.05213460579967167,2505.0
979560,0.051717008377569824,2505.0
670248,0.05071350360799525,1775.0
1297276,0.050709254317786966,0.0
1297274,0.050709254317786966,0.0
1163110,0.05067990660570151,379.5560302734375
1163054,0.05067990660570151,379.5560302734375
1209360,0.05065572749733721,1522.271484375
1209468,0.05065572749733721,1522.271484375
407740,0.050444237682933005,1351.0
407504,0.050444237682933005,1351.0
997132,0.0503270253734197,244.8082275390625
870067,0.04994708900739464,2140.0
870680,0.04994708900739464,2140.0
1001032,0.049925207149824506,102.377685546875
1163202,0.04980226836205993,0.0
1161971,0.04980226836205993,0.0
1187258,0.04980226836205993,69.81478881835938
1164592,0.04980226836205993,0.0
1166728,0.04980226836205993,0.0
1161024,0.04980226836205993,0.0
1186468,0.04980226836205993,69.81478881835938
1165046,0.04980226836205993,0.0
968570,0.04959554311157215,2505.0
553192,0.04959071819269492,1396.0
486365,0.04923488554200598,1409.0
1208862,0.049057914876481076,1066.8687744140625
908029,0.04896601753344392,0.0
908548,0.04896601753344392,0.0
907918,0.04896601753344392,0.0
717886,0.048739812611665184,2140.0
747034,0.048717885118366465,2140.0
845294,0.04871543394753316,2140.0
966054,0.048603419391981394,2505.0
1235123,0.04808444467169615,2505.0
1086338,0.047713546429120304,214.36663818359375
820666,0.04767502630768353,2140.0
901852,0.04713660745242219,2140.0
1221912,0.04701089305955452,419.72186279296875
1262198,0.046943078024889125,5.402591705322266
397571,0.04685717168478095,1261.0
1021223,0.046750141927267716,1998.439697265625
1276985,0.0466633332799134,0.0
1296985,0.04665347599396934,0.0
914308,0.04635742426029309,2140.0
915648,0.04635742426029309,2140.0
1125924,0.04631802401248932,2140.0
990410,0.04612177738989999,515.5931396484375
970202,0.04612177738989999,2505.0
1131740,0.046116118172374515,1077.6856689453125
1105273,0.046116118172374515,1077.6856689453125
1131650,0.046116118172374515,1077.6856689453125
395943,0.045855563975192234,1261.0
997899,0.04565706040304992,876.6854248046875
1020958,0.0456418123243505,1773.984375
1042279,0.0454389456654793,830.0
734525,0.04535265166936536,2140.0
1221854,0.04531335103446844,24.1943359375
1174263,0.04506119417544437,667.374267578125
1267246,0.045056479804153816,2.202320098876953
1156496,0.044775051564489875,58.06036376953125
1265111,0.044686665871509164,1.4008331298828125
530091,0.04460997110882504,1409.0
530546,0.04460997110882504,1409.0
1282228,0.04454878249245495,2505.0
1281749,0.04454878249245495,2505.0
920693,0.0441873964910056,2505.0
1178807,0.0440649481850196,270.9151611328125
1274811,0.04384055876763151,5.916694641113281
1245172,0.043544108538856104,105.14920043945312
784316,0.04345806374915897,2140.0
853229,0.043423693161414124,2140.0
853244,0.043423693161414124,2140.0
1181529,0.0432986144310634,1775.0
1274558,0.04328484566772567,1.4008331298828125
1268657,0.04328484566772567,1.4008331298828125
1253582,0.043164399989211955,0.0
1257801,0.04314669082587396,0.0
1177785,0.04304751891826071,631.1624755859375
1198120,0.04299293871433162,59.086669921875
1105271,0.04289980943070609,902.5941162109375
1103707,0.04289980943070609,698.8306884765625
1136239,0.04275023054812589,115.66571044921875
1206713,0.04275023054812589,37.46046447753906
1136769,0.04275023054812589,115.66571044921875
1096580,0.04273080299024334,259.147705078125
619019,0.04258566880296062,1714.0
1256048,0.0425756114032173,74.12586975097656
1105154,0.04233555981363931,891.93701171875
1105156,0.04233555981363931,891.93701171875
1105395,0.04233555981363931,891.93701171875
1104981,0.04233555981363931,891.93701171875
1102588,0.04233555981363931,891.93701171875
983088,0.04223952146276189,1191.9697265625
986007,0.04193188735205032,2505.0
398106,0.04177950136537534,1261.0
672298,0.04177525633700788,1645.0
937882,0.04172569055436057,1351.03857421875
634030,0.041705960135098384,1714.0
1142594,0.04166581519233736,2140.0
1256100,0.041615209312463826,0.0
1261861,0.041615209312463826,0.0
583263,0.04153749895366943,1409.0
1104773,0.04137676665604649,1063.578857421875
615909,0.04122299951242813,1714.0
1208355,0.04113435772721345,523.360107421875
696894,0.04090269356892709,2140.0
696893,0.04090269356892709,2140.0
696820,0.04090269356892709,2140.0
1217029,0.040869907583556055,777.82666015625
173346,0.04079781134558457,951.0
856680,0.04075924601389244,0.0
890887,0.04075924601389244,0.0
856691,0.04075924601389244,0.0
856908,0.04075924601389244,0.0
690552,0.04075924601389244,2140.0
890517,0.04075924601389244,0.0
784531,0.04070433882270677,2140.0
1101504,0.04063509376472732,264.718994140625
140870,0.040322488598301,763.0
502497,0.04029477279256694,1409.0
502905,0.04029477279256694,1409.0
503259,0.04029477279256694,1409.0
693396,0.04006167632190865,2140.0
1231200,0.03976324694729796,357.40081787109375
1021771,0.03954789328709909,2505.0
1250152,0.03949434042082669,488.563232421875
1105720,0.03934308148758266,189.744140625
1107313,0.03934308148758266,189.744140625
1107296,0.03934308148758266,189.744140625
1265529,0.03932882908667029,50.97077941894531
544923,0.03898145380199655,1115.0
892085,0.03891264672950113,533.1478271484375
901894,0.03891264672950113,2140.0
719406,0.03883675621785621,1350.70751953125
579225,0.03872042376327543,1409.0
909204,0.03856894773446719,0.0
1150159,0.038444956745853034,224.4205322265625
140612,0.03840819606614258,763.0
140571,0.03840819606614258,763.0
140865,0.03840819606614258,763.0
940702,0.038378656414126446,843.0189208984375
943922,0.038378656414126446,843.0189208984375
691734,0.03836110452569507,2140.0
902659,0.03836110452569507,2140.0
903882,0.03836110452569507,2140.0
903447,0.03836110452569507,2140.0
858355,0.03836110452569507,0.0
693431,0.03836110452569507,2140.0
462505,0.03831797881966024,1409.0
462500,0.03831797881966024,1409.0
707844,0.03831285497071234,2140.0
859666,0.038303301979850504,1995.218505859375
694679,0.038303301979850504,2140.0
694756,0.038303301979850504,2140.0
697303,0.038303301979850504,2140.0
894015,0.038303301979850504,0.0
691951,0.038303301979850504,2140.0
857411,0.038303301979850504,1995.218505859375
693684,0.038303301979850504,2140.0
860070,0.03827226609607203,0.0
891884,0.03827226609607203,0.0
1259336,0.03823093559147073,5.844078063964844
1291725,0.038201858174776365,24.75482940673828
907229,0.03816798975919914,0.0
1103483,0.03814359689875009,0.0
1262899,0.03812287911468613,19.982208251953125
859518,0.03800801355860687,0.0
859521,0.03800801355860687,0.0
1000550,0.037994522673998075,651.2569580078125
1082366,0.037954248103181897,1044.0
893978,0.03776647962574222,0.0
857979,0.03776647962574222,0.0
1084529,0.03773984302602073,1162.566650390625
1097368,0.03773691097201063,208.00372314453125
675530,0.037541685823701786,1775.0
1091737,0.03744818120616114,65.2138671875
1218418,0.037395892579393415,16.40838623046875
1177989,0.03736337450278146,135.6314697265625
1035044,0.03724082032089885,466.4937744140625
1056981,0.03724082032089885,153.162353515625
1073482,0.03724082032089885,466.4937744140625
852691,0.037154775658722494,2140.0
1193739,0.037109305519930406,290.4149169921875
1195435,0.037109305519930406,290.4149169921875
1203311,0.037109305519930406,290.4149169921875
1195579,0.037109305519930406,290.4149169921875
1194797,0.037109305519930406,290.4149169921875
1195846,0.037109305519930406,290.4149169921875
1190085,0.037109305519930406,290.4149169921875
857875,0.037083663519869525,0.0
902623,0.037083663519869525,2140.0
890774,0.037083663519869525,0.0
475567,0.03704276644653787,1409.0
481947,0.03704276644653787,1409.0
1245066,0.03699478016026356,0.0
878720,0.03699196418501211,2505.0
1140793,0.03680495120595993,0.0
899639,0.036729808420880666,2140.0
898789,0.036729808420880666,2140.0
1132559,0.03659684344916072,0.0
1206836,0.03649621050382588,10.94317626953125
1058474,0.03625394746647103,2108.0
1034848,0.036187284692444886,536.3896484375
1146186,0.036091101537457225,201.39453125
1198658,0.036039726029320804,0.0
1192568,0.036039726029320804,56.006866455078125
1133441,0.03592695891055983,228.45416259765625
859139,0.03588195468540269,0.0
918155,0.035871202143073946,2505.0
783238,0.03576510773501453,2140.0
967114,0.03555182048952889,2505.0
941834,0.035503625972063836,1803.154052734375
747686,0.03543632909758723,2140.0
859909,0.03543632909758723,0.0
859824,0.03543632909758723,0.0
693131,0.03543632909758723,2140.0
1223743,0.03534029563740808,93.00479125976562
1259354,0.03531060944303394,1.3261833190917969
1292563,0.03530630825879505,11.292999267578125
669298,0.03524393073615451,1775.0
892479,0.03513372454051223,0.0
850296,0.03513372454051223,2140.0
932623,0.03513150503954578,1409.0
1291587,0.03506727231135135,0.0
1290636,0.03506727231135135,0.0
1292161,0.03506727231135135,0.0
1264097,0.035039577340376084,0.0
907438,0.035030905348012724,0.0
892867,0.03491518603985995,0.0
695073,0.03491518603985995,2140.0
695580,0.03491518603985995,2140.0
892059,0.03491518603985995,0.0
694027,0.03491518603985995,2140.0
694147,0.03491518603985995,2140.0
695517,0.03491518603985995,2140.0
1081016,0.03484036104292681,1044.0
1082668,0.03484036104292681,1044.0
1082956,0.03484036104292681,1044.0
1158391,0.03481100973787361,212.70977783203125
1056957,0.0347465454430075,294.0484619140625
978906,0.03472764120104158,2505.0
483514,0.034715562782808546,1409.0
1204666,0.03434353546993616,65.45928955078125
1291160,0.03428626571276619,1.12188720703125
879061,0.034243007073237054,2505.0
379449,0.03422565808726223,1234.0
904251,0.034220505250278775,2140.0
900005,0.034220505250278775,2140.0
900499,0.034220505250278775,2140.0
899703,0.034220505250278775,2140.0
1196019,0.03412633964936202,140.92437744140625
1108461,0.03408600507489604,470.8701171875
1065691,0.03398368547018784,986.2559814453125
1287081,0.03390894218612226,0.0
1298484,0.03389227807168246,197.8173828125
1299757,0.03389227807168246,197.8173828125
910134,0.033843033019666936,0.0
876519,0.033770032661475054,2505.0
945701,0.033673154029401506,1913.248291015625
944481,0.033673154029401506,1913.248291015625
911759,0.03356888907636707,0.0
907828,0.03352370317435656,1929.51025390625
692232,0.03347282796596182,2140.0
902358,0.03347282796596182,2140.0
857765,0.03347282796596182,1382.1484375
846906,0.03337206574657531,2140.0
785363,0.033306080269808434,2140.0
697938,0.03327730270914424,2140.0
697926,0.03327730270914424,2140.0
1107402,0.03319878845165502,1148.6180419921875
456473,0.03312629191462231,1409.0
1022113,0.03309748744758579,2505.0
1257266,0.03308474426169257,4.351356506347656
689864,0.03303060757491252,2140.0
460143,0.03285296362144115,1409.0
701401,0.03279100144102091,2140.0
1268983,0.03276540959765349,0.0
630521,0.032764584667847235,1714.0
909924,0.03267081167408251,0.0
1192493,0.032542726845100095,25.208282470703125
1072955,0.03252700369488927,769.7161865234375
845189,0.03249825159582836,2140.0
755333,0.032391234573239516,2140.0
892377,0.03233212479787166,0.0
926809,0.03229470137152914,2505.0
924467,0.03225028868841315,2505.0
1108899,0.032212294459705464,1067.262451171875
749433,0.03220367199822413,2140.0
487988,0.03199277296052037,1409.0
488025,0.03199277296052037,1409.0
625219,0.03192953467543202,1714.0
472497,0.03189433881147171,1409.0
489280,0.03189433881147171,1409.0
983310,0.031833220512685556,2505.0
1020430,0.03175923078815765,2505.0
1292612,0.0317342631738546,26.673599243164062
1288275,0.0317342631738546,26.673599243164062
1293194,0.0317342631738546,26.673599243164062
476546,0.03167462067040127,1409.0
474916,0.03167462067040127,1409.0
460622,0.03167462067040127,1409.0
460473,0.031577133468463046,1409.0
1160868,0.031520063496540365,55.694915771484375
1166788,0.031520063496540365,55.694915771484375
1166770,0.031520063496540365,55.694915771484375
1164097,0.031520063496540365,55.694915771484375
1273165,0.031415551264881325,0.0
869734,0.03134993775638652,2230.0
1179112,0.031336343518915705,892.68798828125
1081323,0.03132545609905859,1044.0
640594,0.03131114764777876,1714.0
1100363,0.031257385231995734,1849.808349609375
963592,0.031197193463402665,2505.0
1180192,0.031157741206933886,1409.0
1109943,0.03113383823433253,922.8079833984375
711113,0.031103721305475143,2140.0
938434,0.031081807117035815,1913.248291015625
938435,0.031081807117035815,1913.248291015625
978788,0.031042204358386866,2505.0
1133361,0.03102818427553679,412.6214599609375
1107582,0.03102443884812721,556.7659912109375
1090127,0.03102443884812721,348.7147216796875
1107760,0.03102443884812721,556.7659912109375
1132036,0.03102443884812721,950.0052490234375
1090407,0.03102443884812721,348.7147216796875
1107383,0.03102443884812721,556.7659912109375
1104437,0.03102443884812721,556.7659912109375
970709,0.03100317167862096,2505.0
984480,0.03096982595718535,2505.0
1159054,0.030835744483250854,240.53765869140625
749426,0.03080979974775773,2140.0
920625,0.030656848300786597,2505.0
917884,0.030656848300786597,2505.0
1146003,0.030623761185407314,141.32440185546875
1270157,0.03058588928739883,0.0
1077844,0.030567704675474885,119.27386474609375
1110113,0.030534477687212073,531.856689453125
877516,0.030513655105618983,2505.0
1105673,0.030476617197387826,0.0
411419,0.030369477291422555,1351.0
1142635,0.030360191088018944,1121.8687744140625
1146399,0.03034899713071274,4.2540283203125
1062926,0.03031776207370832,756.5274658203125
1060481,0.03031776207370832,557.582763671875
1060953,0.03031776207370832,756.5274658203125
1292385,0.030273590843317124,0.0
1287467,0.030273590843317124,0.0
644855,0.03021644069557264,1714.0
636550,0.03021644069557264,1714.0
379676,0.030144695969450873,1234.0
503381,0.030129359986428933,1409.0
474867,0.030126491575486254,1409.0
1151438,0.030094660832566556,189.744140625
1120015,0.030094660832566556,189.744140625
1148091,0.03008558461546937,0.0
489314,0.029914125543338787,1409.0
1061380,0.029913828452752703,872.8870849609375
1109299,0.02989636821526214,692.000732421875
471133,0.02985204691360118,1409.0
1236735,0.029843683353478423,2140.0
484568,0.029831255573539172,1409.0
473009,0.029831255573539172,1409.0
468338,0.029831255573539172,1409.0
488054,0.029821889868214976,1409.0
488674,0.029821889868214976,1409.0
488604,0.029821889868214976,1409.0
649667,0.029764884924970182,1714.0
649699,0.029764884924970182,1714.0
649610,0.029764884924970182,1714.0
470537,0.029734527412794268,1409.0
1109978,0.029693608641177607,536.3896484375
1212057,0.029677277592731137,2505.0
645575,0.02962638628015157,1714.0
1177615,0.02958624698972556,184.43310546875
185592,0.029492869254566123,1200.0
1084383,0.029460987437145675,462.74658203125
1106037,0.02945408664850666,189.744140625
787008,0.029445131776337397,2140.0
712767,0.02942426926352456,2140.0
875652,0.02939380647118227,2474.0
278588,0.029270437932622066,1848.0078125
485548,0.029237212996717686,1409.0
1107158,0.02920303893476839,1048.1385498046875
1064372,0.02912307858565114,193.97564697265625
547285,0.029090604288987312,1115.0
737362,0.029086236823287624,1340.9296875
1267759,0.029079942747490085,0.0
1271955,0.029027026851103147,0.0
942178,0.02901794597906031,2505.0
936639,0.02901794597906031,2505.0
943506,0.02901794597906031,2505.0
1085711,0.028966171614848282,2870.0
473933,0.028950431683271535,1409.0
877128,0.028903894917771133,2505.0
1231830,0.028876057736450224,48.436370849609375
1231046,0.028876057736450224,48.436370849609375
1175688,0.02886489935533178,227.99407958984375
1255910,0.028812082997187172,1.1859931945800781
1196509,0.02877674010794783,0.0
1195184,0.02877674010794783,0.0
1192113,0.02877674010794783,0.0
1203900,0.02877674010794783,0.0
1193507,0.02877674010794783,0.0
1196903,0.02877674010794783,0.0
458285,0.028631638857339485,1409.0
457769,0.028631638857339485,1409.0
458263,0.028631638857339485,1409.0
1269893,0.02854393513513231,0.0
1124966,0.028528876616404932,2140.0
480069,0.028516971724740752,1409.0
1271682,0.028449622644888355,11.292999267578125
891691,0.028401900448064774,81.8800048828125
891614,0.028401900448064774,81.8800048828125
922265,0.02836567161188682,2505.0
1097077,0.0282581766326041,100.00006103515625
1104562,0.0282581766326041,769.7161865234375
1259302,0.02825564914281049,0.0
1260461,0.02825564914281049,0.0
1262833,0.02825564914281049,0.0
1255890,0.02825564914281049,0.0
1264408,0.02825564914281049,0.0
1196851,0.02820325998103008,0.0
465671,0.028198152766233803,1409.0
900455,0.02818070730161,2140.0
890143,0.02818070730161,0.0
475852,0.028135799655334644,1409.0
1124922,0.028135149647987412,2140.0
623777,0.028119646368374007,1714.0
1074067,0.028118311318986015,412.6214599609375
1057669,0.02811490695212323,950.0052490234375
1086014,0.02811490695212323,321.8558349609375
866122,0.028075857089834805,2140.0
1232646,0.028034033437107614,122.5396728515625
1177312,0.028034033437107614,290.7904052734375
695123,0.027935132929027807,2140.0
914689,0.027932641914560893,2140.0
914444,0.027932641914560893,2140.0
1140841,0.027924825464726497,0.8370361328125
1150434,0.027780726616301273,141.32440185546875
588477,0.027716081908431882,1440.0
471556,0.027621567603113253,1409.0
471643,0.027621567603113253,1409.0
471168,0.027621567603113253,1409.0
691786,0.02756204156747341,2140.0
691789,0.02756204156747341,2140.0
692336,0.02756204156747341,2140.0
159522,0.02750707368920605,939.0
1183138,0.02750003109282176,154.1707763671875
1133832,0.02746021051864037,2000.804931640625
1221096,0.027451527740576014,34.60572814941406
867618,0.02744869093353499,2140.0
1289067,0.027373688548464985,0.0
1293331,0.02733158965740513,16.79108428955078
692383,0.0273169119152072,2140.0
1270676,0.027315948795409807,0.0
1232873,0.027309989593279006,546.188232421875
580148,0.02724564980258575,1409.0
1166069,0.02723256296428693,7.3111572265625
1161514,0.02723256296428693,0.0
1162285,0.02723256296428693,0.0
1164202,0.02723256296428693,0.0
1257775,0.027203853800194477,3.5120849609375
893551,0.027199703190995978,1506.31298828125
1134575,0.027186323735453516,2120.9072265625
1301371,0.02718178336873297,279.4498291015625
876873,0.027145717961344726,2505.0
653503,0.02713172855506019,1714.0
397604,0.027111285681677116,1261.0
852721,0.027001310098414433,2140.0
1141343,0.026987790961248703,27.58526611328125
160431,0.026947153059221598,939.0
744844,0.02693576220967437,2140.0
686335,0.026933546349562368,1996.0
1257876,0.02689688343326079,0.0
1159174,0.026869762069672096,0.0
891481,0.02683616279531319,1419.665771484375
843821,0.026814074242111366,2140.0
785616,0.026802627057507748,2140.0
982574,0.0266710865356317,2505.0
1165524,0.026667872757508194,0.0
979112,0.026666110317608138,2505.0
987463,0.026666110317608138,2505.0
475294,0.026648679755381658,1409.0
744584,0.026629973894009205,2140.0
873319,0.026620410528124864,1610.00634765625
1251607,0.026557346157260485,707.4940185546875
707365,0.026541039304794723,2140.0
160754,0.026524438986962672,939.0
893769,0.026450184981536066,0.0
1053662,0.026393990802618006,1044.0
1285347,0.026369883583031606,2505.0
617326,0.026306094813685687,1714.0
1081914,0.026300465481107076,1044.0
1083537,0.026300465481107076,1044.0
1082590,0.026300465481107076,1044.0
1035814,0.02628912638008335,1883.32861328125
1035406,0.02628912638008335,1883.32861328125
987441,0.026236013619525586,2505.0
1023060,0.02619997403960904,600.939697265625
1288968,0.0261272565543602,40.35554504394531
1264784,0.02607363432115018,1.12188720703125
1084895,0.026060480309187794,127.78363037109375
904897,0.025965218076400145,2140.0
693123,0.025965218076400145,2140.0
724319,0.025953354430585083,2140.0
1058197,0.02594394980318775,1287.901123046875
1284371,0.02594394980318775,2505.0
1224834,0.02593278894761808,260.90386962890625
1182764,0.02591320370262864,0.0
1200575,0.025889049004126932,105.66668701171875
892502,0.025859544022212695,0.0
894941,0.025859544022212695,0.0
1299712,0.025854307646338972,136.83050537109375
690368,0.02578567587904157,2140.0
1278391,0.025756882721760705,24.27978515625
1300822,0.02564844889836643,136.00372314453125
1223406,0.02563770927819719,168.82867431640625
471542,0.02563146734461095,1409.0
1152272,0.025603156305411736,1953.22265625
1152318,0.025603156305411736,1953.22265625
698748,0.025601263132013035,2140.0
1272246,0.025559025954686492,11.65512466430664
1270673,0.025559025954686492,0.0
937476,0.025510142854201754,2505.0
936314,0.025510142854201754,2505.0
936027,0.025510142854201754,2505.0
936323,0.025510142854201754,2505.0
944924,0.025510142854201754,2505.0
939498,0.025510142854201754,2505.0
697791,0.025492014443298745,2140.0
696423,0.025478135870637474,2140.0
859320,0.025415629988977,2207.418212890625
859332,0.025415629988977,2207.418212890625
1135540,0.02540975530280066,2333.00439453125
697085,0.025292893455748772,2140.0
625482,0.02527071627787845,1714.0
411504,0.02515357432692068,1351.0
411535,0.02515357432692068,1351.0
618784,0.025142707263727002,1714.0
618741,0.025142707263727002,1714.0
1179458,0.02512859448753403,1409.0
1181285,0.02512859448753403,1409.0
894517,0.025088757238401316,0.0
1106713,0.025067250322676118,1510.711181640625
1205514,0.025057731631106257,2505.0
467804,0.025008478485920645,1409.0
478161,0.025002947400830092,1409.0
822578,0.02497298754725273,0.0
618466,0.0249601726686719,1714.0
637215,0.024947019569296198,1714.0
1274202,0.024921688284555193,0.0
479549,0.024895518536916204,1409.0
690681,0.024890758025389446,2140.0
1076329,0.02487635744048485,2000.804931640625
1076438,0.02487635744048485,2000.804931640625
1076391,0.02487635744048485,2000.804931640625
891517,0.02487482667626739,0.0
458942,0.02486944572122023,1409.0
458934,0.02486944572122023,1409.0
468281,0.02486944572122023,1409.0
717673,0.024845689033758285,2140.0
869066,0.024845689033758285,2230.0
1272753,0.024842241472106175,13.239925384521484
1204521,0.02478879917568979,144.17730712890625
1080860,0.024775659170341913,1044.0
1080606,0.024775659170341913,1044.0
936698,0.02477111756317298,2505.0
944662,0.02477111756317298,2505.0
939886,0.02477111756317298,2505.0
936596,0.02477111756317298,2505.0
943850,0.02477111756317298,2505.0
937156,0.02477111756317298,2505.0
919053,0.024727373013549745,2505.0
1031205,0.024665151785406406,641.0526123046875
1244460,0.024622762245940115,157.91900634765625
1243962,0.024622762245940115,302.1383056640625
164634,0.02460932056774103,939.0
709267,0.0245804745214398,2140.0
1228115,0.024549777466769215,316.41766357421875
890497,0.024542369276669123,0.0
890386,0.024542369276669123,0.0
1151532,0.024528810845742238,391.9674072265625
901446,0.024509292585403603,2140.0
889963,0.02448210145110853,269.353515625
698599,0.024466145754164115,2140.0
891918,0.024418729789654196,0.0
1084668,0.02441347834128316,132.95892333984375
1085528,0.02441347834128316,132.95892333984375
1230647,0.024412075131303734,14.027496337890625
1062039,0.024410511263227325,950.0052490234375
1060614,0.024410511263227325,511.8829345703125
1060617,0.024410511263227325,511.8829345703125
1062670,0.024410511263227325,511.8829345703125
1061194,0.024410511263227325,511.8829345703125
615985,0.024278659882604834,1714.0
940750,0.024262876369674866,2050.945556640625
1216578,0.024240476807608588,60.3465576171875
1233064,0.024227320726653047,82.95404052734375
822575,0.02421637941194713,0.0
702409,0.024200503776249375,2140.0
1074640,0.024182238030048115,1527.031005859375
1075629,0.024182238030048115,1527.031005859375
868368,0.0241354216294194,2140.0
1217553,0.024135095743683745,0.0
1268116,0.024062311630993156,24.27978515625
692764,0.024042063692162358,2140.0
653683,0.024027593121977643,1714.0
987242,0.023986880940076602,2505.0
1284631,0.023985196197513575,2505.0
712621,0.023942463555071597,2140.0
951595,0.023929468341716796,2171.0
1213956,0.023871336328345098,132.019287109375
749756,0.023825364179646664,2140.0
1287917,0.02375587889665844,0.0
942693,0.023711389293139134,2505.0
1179511,0.023635207695739024,1409.0
1072609,0.023588950456315365,2000.804931640625
1155581,0.023547448386665074,775.1932373046875
711415,0.023534332599317375,2140.0
968912,0.023463370936713756,2505.0
901061,0.023452675459531946,2140.0
821831,0.02344799514754974,0.0
1287138,0.02341190478665981,0.0
1140210,0.023390477682633724,33.373291015625
1140682,0.02338143839115739,66.61212158203125
822021,0.023372101372604155,0.0
1284490,0.023360414278722715,2505.0
1284182,0.023360414278722715,2505.0
1285525,0.023360414278722715,2505.0
1284484,0.023360414278722715,2505.0
457189,0.023285113349677398,1409.0
457775,0.023285113349677398,1409.0
461981,0.023285113349677398,1409.0
455774,0.023285113349677398,1409.0
466310,0.02327814355550861,1409.0
1158041,0.023255417495712527,13.96319580078125
1277962,0.023237011604356633,1.12188720703125
470504,0.02321171831553424,1409.0
1172244,0.023149328406506874,0.0
617546,0.023114186428133558,1714.0
1146336,0.02309825121746591,193.32427978515625
1140888,0.023092180204051613,60.595703125
456729,0.023088912095693217,1409.0
456661,0.023088912095693217,1409.0
456842,0.023088912095693217,1409.0
455616,0.023088912095693217,1409.0
456021,0.023088912095693217,1409.0
1236429,0.02304172425046028,2140.0
1225685,0.02299200397842471,46.648681640625
1157642,0.02299200397842471,427.32916259765625
1230008,0.02299200397842471,250.35772705078125
1252299,0.02299200397842471,352.572021484375
1224917,0.02299200397842471,185.069580078125
1159308,0.02299200397842471,149.22900390625
1156778,0.02299200397842471,425.13275146484375
1224169,0.02299200397842471,126.26547241210938
1150495,0.02299200397842471,354.28570556640625
1155542,0.02299200397842471,352.572021484375
1251913,0.02299200397842471,218.2244873046875
1251668,0.02299200397842471,352.572021484375
1243861,0.02299200397842471,185.069580078125
1001816,0.022943611194198004,180.6094970703125
1043848,0.022901120646698667,1044.0
1052089,0.022901120646698667,1044.0
635393,0.022875081320973465,1714.0
704690,0.022866738924094528,2140.0
952007,0.02286119833442612,2171.0
948227,0.02286119833442612,2171.0
848846,0.02285554671441079,2140.0
744623,0.02285554671441079,2140.0
1179235,0.022829536207556945,1409.0
1180943,0.022829536207556945,1409.0
528679,0.02282356990338306,1409.0
1184580,0.022768915801690097,280.66015625
1270810,0.02275391815044719,0.26259613037109375
1044359,0.022738731237298027,1044.0
1243399,0.022721289811282984,202.706298828125
979290,0.022689785126058935,2505.0
935744,0.02266019793596873,2505.0
938788,0.02266019793596873,2505.0
937979,0.02266019793596873,2505.0
479326,0.0226131091934854,1409.0
1268930,0.022607954250556596,13.239925384521484
1063573,0.022565620364626972,159.61383056640625
1053151,0.02250721005954293,1044.0
1114585,0.022499945304331446,1953.22265625
1114664,0.022499945304331446,1953.22265625
1114491,0.022499945304331446,1953.22265625
1259054,0.022498425686887064,6.67816162109375
1259560,0.022498425686887064,0.0
1299666,0.022485144239822112,27.96087646484375
1299679,0.022485144239822112,27.96087646484375
726354,0.022437895921415554,2140.0
1020636,0.02240362833111244,1160.4541015625
1269675,0.022402314504378844,0.0
983477,0.02240094798868746,2505.0
948187,0.02234183680281707,2171.0
1069010,0.02233023210329099,0.0
1069020,0.02233023210329099,0.0
488497,0.022325887841817982,1409.0
1137375,0.022317529762671613,70.81082153320312
1136663,0.022317529762671613,70.81082153320312
1137376,0.022317529762671613,70.81082153320312
1076925,0.022273765678611692,165.1275634765625
1078036,0.022273765678611692,165.1275634765625
1155126,0.022251999371130655,90.19729614257812
1288066,0.02224431499070719,0.0
1292845,0.02224431499070719,0.0
1289581,0.02224431499070719,0.0
752218,0.022243116782042573,2140.0
1272988,0.022235687609332616,4.71600341796875
1278811,0.022235687609332616,23.404197692871094
1273885,0.022168071653367476,71.70427703857422
474334,0.022163900048993313,1409.0
1297254,0.022158975064431433,0.0
1297263,0.022158975064431433,0.0
1096597,0.022046065075882033,37.224609375
637823,0.022019445871343822,1714.0
1207937,0.02196269338987473,23.079315185546875
1293575,0.021958734773726313,27.22247314453125
820056,0.021949327251562577,2140.0
820961,0.021949327251562577,2140.0
851100,0.0219074504607384,2140.0
948025,0.021897647996336728,2171.0
1069779,0.02189274792371306,1490.080322265625
851400,0.021840179047637506,2140.0
1150576,0.021831423802553207,277.89776611328125
902448,0.021829881893174672,2140.0
899312,0.021829881893174672,2140.0
901017,0.021829881893174672,2140.0
912875,0.021813334656894365,0.0
1202270,0.02180156987298419,47.878662109375
1192338,0.02180156987298419,47.878662109375
1193397,0.02180156987298419,47.878662109375
1200472,0.02180156987298419,47.878662109375
1192641,0.02180156987298419,47.878662109375
1178975,0.021767839448568187,350.04638671875
1051802,0.02175674213863342,1044.0
1047807,0.02175674213863342,1044.0
851234,0.02175422143821456,2140.0
946634,0.0216479812714302,2505.0
1249239,0.02164564436024235,710.0745849609375
893173,0.021610978144974168,0.0
1284726,0.021583115192123185,2505.0
1236376,0.02154761075778395,2140.0
746466,0.021546685301405247,2140.0
1203226,0.021456730163741163,20.303863525390625
1180676,0.021430460945107893,1409.0
1256844,0.02138078361654828,40.48039245605469
1261437,0.021351025052053527,0.0
691826,0.02134988953350768,2140.0
692410,0.02134988953350768,2140.0
1271207,0.021311864525540666,0.0
1271227,0.021311864525540666,0.0
1294628,0.021310041586885292,0.0
485370,0.021217529614671993,1409.0
851016,0.02117445670992412,2140.0
749931,0.021152288986834945,2140.0
1220112,0.021145757915982614,18.346359252929688
1031372,0.02111141243472416,275.9744873046875
1276937,0.021043815744800527,0.0
502337,0.021038047234925254,1409.0
1215486,0.021015234553075298,0.0
851529,0.020917977041415032,2140.0
853381,0.020852455408288163,2140.0
1087081,0.02084444369896051,0.0
378585,0.020843328773193563,1234.0
378598,0.020843328773193563,1234.0
377089,0.020843328773193563,1234.0
953088,0.020775594629855232,2171.0
948956,0.020775594629855232,2171.0
474285,0.020755104015403553,1409.0
872761,0.020685488568609987,1936.64501953125
473909,0.02067243801614484,1409.0
1256276,0.02065652309878653,0.0
910067,0.020636292767142916,0.0
912382,0.020577558639569546,1786.58935546875
1031087,0.02050319530313935,0.0
544957,0.02046343937501812,1115.0
986610,0.020460359416155052,2505.0
478589,0.02045705231826096,1409.0
480924,0.02045705231826096,1409.0
478574,0.02045705231826096,1409.0
1186018,0.020455364398045368,126.9874267578125
1250095,0.020455364398045368,277.8463134765625
1301556,0.020415649466123353,122.5396728515625
863411,0.02029209834939273,2140.0
1074200,0.020284674136094936,677.4815673828125
969623,0.02025347833492172,2505.0
878868,0.020202290059000032,2505.0
1257480,0.020192329208668192,0.0
936199,0.020188437446052435,2505.0
936217,0.020188437446052435,2505.0
943769,0.020188437446052435,2505.0
378866,0.020183013476872555,1234.0
379234,0.020183013476872555,1234.0
379495,0.020183013476872555,1234.0
1044436,0.02011724189548856,1044.0
1046606,0.02011724189548856,1044.0
1044860,0.02011724189548856,1044.0
1043207,0.02011724189548856,1044.0
1050974,0.02011724189548856,1044.0
1051229,0.02011724189548856,1044.0
1045940,0.02011724189548856,1044.0
1052001,0.02011724189548856,1044.0
1051543,0.02011724189548856,1044.0
1302323,0.020086424336261958,2140.0
640472,0.020086404513844053,1714.0
640529,0.020086404513844053,1714.0
530515,0.020086404513844053,1409.0
1290389,0.020066942592861344,0.0
490213,0.020017425850477055,1409.0
710984,0.019893211243187596,2140.0
1280031,0.019893075069998895,11.65512466430664
1260409,0.019893075069998895,11.65512466430664
1255124,0.019893075069998895,0.0
1268461,0.019893075069998895,11.65512466430664
1261879,0.019893075069998895,11.65512466430664
1268970,0.019893075069998895,11.65512466430664
167042,0.01988994013691459,939.0
912315,0.01984498032087676,0.0
860221,0.01984498032087676,0.0
171440,0.0197577664340678,939.0
865937,0.01973076509816913,2140.0
865943,0.01973076509816913,2140.0
866839,0.01973076509816913,2140.0
866838,0.01973076509816913,2140.0
1050633,0.019705265872915583,1044.0
1045314,0.019705265872915583,1044.0
1045299,0.019705265872915583,1044.0
1044463,0.019705265872915583,1044.0
1046459,0.019705265872915583,1044.0
1045212,0.019705265872915583,1044.0
985180,0.019702638795198554,2505.0
865985,0.01969950645836043,2140.0
1068188,0.01969748628113477,1397.57177734375
1064009,0.01969748628113477,2309.373779296875
745753,0.019663844449669857,2140.0
750397,0.019663844449669857,2140.0
966693,0.01964372062201472,2505.0
378572,0.01964111278774303,1234.0
377997,0.01964111278774303,1234.0
378372,0.01964111278774303,1234.0
379910,0.01964111278774303,1234.0
378009,0.01964111278774303,1234.0
503791,0.019576863352789492,1409.0
936261,0.019442227322454233,2505.0
1249107,0.019430079783603307,466.468505859375
969711,0.019428015048853654,2505.0
1204569,0.019405979828678387,234.89044189453125
530372,0.019405238504568576,1409.0
530151,0.019405238504568576,1409.0
981246,0.019377299391227686,2505.0
1072082,0.01936873456467575,217.73004150390625
400865,0.01934192562885956,1261.0
892422,0.019335802620664543,2260.0
1283840,0.01933203508796849,2505.0
1020376,0.019327614027706046,2202.349365234375
1251561,0.019265518851862753,381.6904296875
1155280,0.019265518851862753,381.6904296875
1160025,0.019235169693048088,204.91064453125
1163666,0.019235169693048088,0.0
843449,0.019202331313195382,1744.66259765625
851651,0.019175012733398604,2140.0
565084,0.01916630140861909,2505.0
912657,0.019139795024371773,2260.0
1270268,0.019097944680101533,17.06212615966797
530957,0.019057992124700038,1409.0
1296442,0.01905401896528058,0.0
902767,0.019053029253082037,2140.0
893929,0.019053029253082037,0.0
717402,0.019039582344840315,2140.0
717462,0.019039582344840315,2140.0
717442,0.019039582344840315,2140.0
717393,0.019039582344840315,2140.0
868315,0.01903765519302243,2140.0
1074311,0.01901612030704348,860.6663818359375
487361,0.018986605802629068,1409.0
1130070,0.018981544227406135,83.52401733398438
864330,0.01895479245141278,2140.0
864334,0.01895479245141278,2140.0
499160,0.018922363214704314,1409.0
628412,0.018888097035335717,1714.0
1095393,0.018856749751587232,253.469482421875
376976,0.01881641137980501,1234.0
1187072,0.01879218944102864,565.5927734375
1250352,0.01879218944102864,625.423583984375
1182958,0.01879218944102864,565.5927734375
865631,0.018791239452127843,2140.0
479206,0.018770904170893388,1409.0
486558,0.01876318811702112,1409.0
706664,0.018735599834993902,2140.0
467203,0.018685450403578878,1409.0
461115,0.018685450403578878,1409.0
461082,0.018685450403578878,1409.0
475437,0.018685450403578878,1409.0
467053,0.018685450403578878,1409.0
459481,0.018685450403578878,1409.0
1296596,0.01866323245814863,0.0
867110,0.018647776713559387,2140.0
1077748,0.018636430575493763,9.09735107421875
531753,0.01863624878211712,1409.0
487323,0.018634804086962192,1409.0
1278252,0.01862827109389881,40.35554504394531
1278190,0.01862827109389881,40.35554504394531
1224388,0.018609060715228696,526.8903198242188
911884,0.018579627690403857,0.0
1299790,0.018542066498249715,204.69757080078125
1183981,0.018526015789408358,158.9979248046875
1183969,0.018526015789408358,40.42022705078125
1148684,0.01849637869540632,221.035888671875
919889,0.018482000935510674,2505.0
964817,0.01846078361819575,2505.0
968566,0.01846078361819575,2505.0
461249,0.01843355176273091,1409.0
481522,0.01843355176273091,1409.0
463464,0.01843355176273091,1409.0
459966,0.01843355176273091,1409.0
462930,0.01843355176273091,1409.0
1063480,0.01841624842328493,262.9754638671875
1061476,0.01841624842328493,262.9754638671875
480346,0.01840151173578612,1409.0
1284395,0.018393575403200742,2505.0
1059091,0.018382191063194935,2108.0
1296198,0.018334284205891574,0.0
1232178,0.01832858404409465,316.49462890625
1272236,0.018312488505066005,35.11598205566406
949439,0.0183010698348675,2171.0
498303,0.01826733808295428,1409.0
502752,0.01826733808295428,1409.0
876988,0.01824901513234779,2505.0
877750,0.01824901513234779,2505.0
860509,0.018247968034337994,0.0
620895,0.018233901905910864,1714.0
1275843,0.018133352380685093,26.673599243164062
1302910,0.018120692205108736,2140.0
702740,0.0180914054695006,2140.0
702722,0.0180914054695006,2140.0
625463,0.01807439162903833,1714.0
948250,0.01802315238023402,2171.0
496105,0.01799426745168787,830.0
495798,0.01799426745168787,830.0
941350,0.017992380087771376,1203.9384765625
1150002,0.017977871519660828,58.60601806640625
1141102,0.017977871519660828,0.0
621029,0.017968532445175225,1409.0
530506,0.017968532445175225,1409.0
710004,0.017872294966021357,2140.0
1182332,0.017840563998756876,710.0745849609375
1270435,0.017823206966420934,0.0
1259108,0.017823206966420934,0.0
1276106,0.017774991220073887,29.5751953125
1135334,0.01777358922848632,1066.8687744140625
161480,0.01775867686251904,939.0
1249870,0.017755971392631305,105.47174072265625
733160,0.017723322611518443,2140.0
708756,0.017722074490817447,2140.0
503567,0.0176871558784706,1409.0
1149770,0.017686209731432905,161.5733642578125
471245,0.017684631113386758,1409.0
1020075,0.017683923193169516,2536.0
1266348,0.017646806000992,0.0
969072,0.017631414383499897,2505.0
489782,0.017614491676324378,1409.0
1050379,0.01756809148659984,1044.0
843697,0.017558447274494557,2140.0
981307,0.01754260033573947,2505.0
751654,0.017522035201727387,2140.0
649458,0.017491905608179967,1714.0
499046,0.01748591951360525,1409.0
498576,0.01748591951360525,1409.0
498836,0.01748591951360525,1409.0
502489,0.01745978580906771,1409.0
707425,0.017447534572916087,2140.0
725185,0.017394867119513376,2140.0
745196,0.01738136102644189,2140.0
480363,0.01734499432015808,1409.0
1137802,0.017331709154143334,0.0
1059384,0.01733105163447685,1047.5830078125
1297554,0.01731904527084856,0.0
734645,0.017262056166560825,2140.0
1095389,0.01722235151896482,1054.83056640625
1095818,0.01722235151896482,1054.83056640625
1145404,0.017220600835759554,270.9151611328125
638287,0.01720989474131101,1714.0
469993,0.01720201048779111,1409.0
1019590,0.017188851777203983,2536.0
1149858,0.01709929239038821,416.564697265625
1187000,0.017076792027869516,104.042236328125
1186169,0.017076792027869516,104.042236328125
1183916,0.017076792027869516,104.042236328125
1247917,0.017076792027869516,152.74017333984375
1210747,0.017076792027869516,96.10031127929688
1187963,0.017076792027869516,104.042236328125
1247717,0.017076792027869516,6.59619140625
1211312,0.017076792027869516,30.012542724609375
1249631,0.017076792027869516,83.13888549804688
1185079,0.017076792027869516,61.93408203125
1188081,0.017076792027869516,136.90826416015625
1250327,0.017076792027869516,82.71902465820312
1187030,0.017076792027869516,104.042236328125
1185949,0.017076792027869516,104.042236328125
1186227,0.017076792027869516,79.90560913085938
1055027,0.017075742944237755,2140.0
827666,0.017067676272328434,1895.0
1037270,0.017067676272328434,1865.0
1138404,0.016948018263167785,120.09304809570312
1145027,0.016948018263167785,158.9979248046875
1300649,0.01692703189302749,631.1624755859375
1186639,0.016924517568626694,565.5927734375
1185985,0.016924517568626694,565.5927734375
1186637,0.016924517568626694,565.5927734375
1297124,0.016898588762055387,0.0
1301446,0.016863339399624314,95.9744873046875
489577,0.016821296974936686,1409.0
490216,0.016821296974936686,1409.0
490059,0.016821296974936686,1409.0
471432,0.016821296974936686,1409.0
489885,0.016821296974936686,1409.0
485139,0.01680147586174416,1409.0
480398,0.01680147586174416,1409.0
470233,0.016776347630683214,1409.0
481512,0.016776347630683214,1409.0
459461,0.016755848805783406,1409.0
472479,0.016755848805783406,1409.0
1154943,0.01671628030508966,432.6922607421875
1298591,0.016643037563486812,161.40216064453125
697896,0.016590370839136104,2140.0
481023,0.01657454611643711,1409.0
485241,0.01657454611643711,1409.0
466423,0.016572383338859638,1409.0
470131,0.016572383338859638,1409.0
1185622,0.01652249763973114,342.38970947265625
1187858,0.01652249763973114,342.38970947265625
1185620,0.01652249763973114,342.38970947265625
645152,0.016510957620651752,1714.0
460415,0.01650593298165234,1409.0
1292817,0.01650368747084146,0.0
1219341,0.01648536756579224,0.0
1300379,0.016460912764026617,777.82666015625
477858,0.016449037662291624,1409.0
471706,0.016449037662291624,1409.0
1279862,0.016422692862208006,0.0
1257328,0.016422692862208006,0.0
1181594,0.016361034715085265,2505.0
633260,0.0163531035386436,1714.0
1095977,0.016351677245626493,253.469482421875
951346,0.016321282571399275,2171.0
951225,0.016321282571399275,2171.0
641997,0.016255950350377767,1714.0
1130672,0.016229799302125616,71.40646362304688
1218302,0.016229799302125616,71.40646362304688
1298921,0.016169312066524763,37.0787353515625
874284,0.01600845895958519,0.0
474981,0.015981735159320092,1409.0
1150267,0.015946271038325195,158.27545166015625
1095714,0.015929245566765737,2203.277099609375
1098136,0.01589451912194273,54.70294189453125
712184,0.01580506115526623,2140.0
875566,0.015792068087995912,1735.59033203125
874175,0.015779443522674907,949.8828125
711374,0.01576113240034447,2140.0
460224,0.01570748516023245,1409.0
473817,0.01570748516023245,1409.0
465463,0.015684428219073274,1409.0
889203,0.01567520346871428,2140.0
823207,0.01563890550795776,0.0
984232,0.015635828815977564,2505.0
482646,0.015631902565604493,1409.0
903237,0.015630626142303285,2140.0
1291695,0.015523160610142616,0.0
1152598,0.01549088266854268,592.7113037109375
1274599,0.01548746177270024,8.952224731445312
866479,0.015485714726516947,2140.0
707030,0.015442954209356763,2140.0
1131170,0.015427565581426435,128.5469970703125
1126576,0.015366832966896546,2140.0
474180,0.015340315259566523,1409.0
487215,0.015340315259566523,1409.0
484629,0.015340315259566523,1409.0
379648,0.01530348635215712,1234.0
1077967,0.015271001221750753,319.3052978515625
750460,0.015197404737440946,2140.0
484360,0.015187736118330034,1409.0
1299867,0.015122771126002448,0.0
1302080,0.015118342112236371,2140.0
873434,0.015115453002560616,898.90380859375
907758,0.015085978898733636,878.588134765625
480292,0.015054932705924182,1409.0
1206823,0.01504994150067681,0.0
746963,0.01503864038106875,2140.0
1145352,0.015038201045645318,110.64385986328125
1297555,0.015004046976171668,0.0
581725,0.015001359755306592,1440.0
1095255,0.014988349404726552,1044.5545654296875
900678,0.014962857284691065,2140.0
1090676,0.01493776609097107,315.08782958984375
1189401,0.01492357224584039,0.0
1268753,0.014922851282232657,0.0
151942,0.014856169383365632,939.0
643074,0.014852562100547154,1714.0
706294,0.014845990552433963,2140.0
710472,0.014821121596739208,2140.0
1147449,0.014804614472922658,122.5396728515625
1131213,0.014754381852690722,58.71990966796875
1121940,0.014754381852690722,58.71990966796875
1072546,0.01472419742166985,986.2559814453125
1138424,0.01470452426351332,1.52349853515625
463569,0.014648726680641775,1409.0
706154,0.0146450792273189,2140.0
710091,0.0146450792273189,2140.0
708243,0.0146450792273189,2140.0
1266907,0.014576107462065968,71.70427703857422
1285480,0.01457352885877209,2505.0
1231528,0.014532626020385287,23.25677490234375
750671,0.014523197563638273,2140.0
750662,0.014523197563638273,2140.0
1148546,0.014491024284374225,112.8687744140625
627834,0.01446513851443319,1714.0
638849,0.01446513851443319,1714.0
638737,0.01446513851443319,1714.0
647694,0.01446513851443319,1714.0
629949,0.01446513851443319,1714.0
946367,0.014449493175259677,2505.0
1077080,0.014425398985781717,985.6781005859375
1132197,0.014371261887633055,382.37646484375
749217,0.014371246117483269,2140.0
750191,0.01433219828525303,2140.0
1074926,0.014331821610684418,478.392578125
1073217,0.014331821610684418,478.392578125
701472,0.014239595254484462,2140.0
1287800,0.014225680423470593,0.0
1288080,0.014225680423470593,0.0
653607,0.014126482201953252,1714.0
1180636,0.014122535661186085,1409.0
710204,0.014113123754126307,2140.0
1187068,0.014087759926573446,364.510498046875
412753,0.014026587622081175,1351.0
460292,0.01396441342494849,1409.0
710605,0.013959731545912808,2140.0
1210147,0.01392982401170489,26.160888671875
459541,0.013783197382467789,1409.0
628285,0.013750289270524872,1714.0
1073057,0.013582516763765293,478.392578125
639119,0.013581020857456013,1714.0
706804,0.013548068886711777,2140.0
895122,0.013514384423608757,0.0
704710,0.013493661810141583,2140.0
1001842,0.01344315370138463,0.0
983746,0.01344315370138463,1593.618408203125
1027724,0.01344315370138463,1449.8173828125
940860,0.01344315370138463,1568.541015625
847543,0.013396465386859424,2140.0
1158000,0.013369198491914482,119.72308349609375
1054275,0.013356076128221817,2140.0
1262738,0.01327131401639428,21.54718780517578
1262702,0.01327131401639428,21.54718780517578
701880,0.013230459830729705,2140.0
903121,0.013093318811410836,2140.0
460765,0.013037807760238702,1409.0
456265,0.012957177502191011,1409.0
457225,0.012957177502191011,1409.0
1044249,0.012950494127212194,1044.0
712372,0.0129366944162737,2140.0
460082,0.01293127424045113,1409.0
468768,0.012910843009004875,1409.0
717179,0.012848479877194143,2140.0
460819,0.012760800749681327,1409.0
1060819,0.012629280207841601,1312.10693359375
701503,0.012603099141497076,2140.0
894058,0.012531519807385077,0.0
1205832,0.01252896640126895,148.52850341796875
1184847,0.01252896640126895,148.52850341796875
751625,0.012386377361972272,2140.0
751570,0.012386377361972272,2140.0
1135685,0.012357370644882959,2870.0
1097170,0.012357370644882959,638.6563720703125
563210,0.012330605333516008,1409.0
1249036,0.012327459902318932,28.85235595703125
1146701,0.012262805433237127,631.1624755859375
1146047,0.012262805433237127,631.1624755859375
476944,0.012205303085694029,1409.0
459652,0.012205303085694029,1409.0
1096143,0.012143229365527052,937.6781005859375
699889,0.012080569474331776,2140.0
726399,0.012065666421402832,2140.0
712278,0.01205085117098565,2140.0
1188577,0.011924541376751968,140.2579345703125
1145795,0.011923567141088246,777.82666015625
850557,0.011910107220183604,2140.0
1141894,0.011882941028223378,2140.0
1186852,0.011744340061466239,384.20379638671875
466814,0.01167233604291911,1409.0
486710,0.011616248209394994,1409.0
1236734,0.01156882336129466,2140.0
1275887,0.011540926745843349,0.0
716247,0.0114258059147685,2140.0
825361,0.011310382429282532,2291.0
1083912,0.011300634580054373,1044.0
462373,0.011295128899898732,1409.0
475466,0.011253402387733466,1409.0
1048784,0.011209958972510424,1044.0
477308,0.011100582911665857,1409.0
950821,0.011059759506501319,2171.0
1038436,0.011053850958788015,2140.0
704523,0.011013623375669634,2140.0
868554,0.01095794698602257,2140.0
631009,0.010885925572113151,1714.0
1099252,0.01087109772456005,2140.0
1141966,0.01085836462326373,2140.0
462838,0.010793863154375662,1409.0
460953,0.010793863154375662,1409.0
624700,0.010744665130091606,1714.0
627401,0.010744665130091606,1714.0
635168,0.010744665130091606,1714.0
1054231,0.010657647437964378,2140.0
950384,0.010602846954369183,2171.0
950446,0.010602846954369183,2171.0
618448,0.01059953276459273,1714.0
711606,0.010571852668359041,2140.0
702906,0.010571852668359041,2140.0
702878,0.010571852668359041,2140.0
702922,0.010571852668359041,2140.0
702919,0.010571852668359041,2140.0
1222447,0.010567632080670356,0.0
724518,0.010562162875180763,2140.0
1038610,0.010532524679084007,2140.0
950619,0.010532524679084007,2171.0
1099283,0.010532524679084007,2140.0
950779,0.010532524679084007,2171.0
625896,0.010425204968499918,1714.0
849936,0.010410256204570504,2140.0
851028,0.010410256204570504,2140.0
1129934,0.01040662097480724,290.7904052734375
707933,0.010212494454021438,2140.0
706242,0.010203676494369315,2140.0
1286310,0.010167447354351909,0.0
479613,0.010123367358057524,1409.0
955968,0.010065362960819066,1044.69775390625
868613,0.010048202479105355,2140.0
1068710,0.009976293660441525,105.56475830078125
1138105,0.009945210179394743,30.750823974609375
647353,0.009883067525423226,1714.0
628955,0.009883067525423226,1714.0
632868,0.009883067525423226,1714.0
635920,0.009883067525423226,1714.0
947377,0.009746822686847968,2171.0
1142264,0.00970353339867324,2140.0
1045708,0.00967431240704182,1044.0
1047004,0.00967431240704182,1044.0
1072059,0.00962018538264552,65.6920166015625
490141,0.009555114354112248,1409.0
465495,0.009555114354112248,1409.0
626641,0.009398346879742865,1714.0
692900,0.009397789576124513,2140.0
951528,0.009396675292369362,2171.0
466230,0.009146741316690524,1409.0
1243569,0.009024427144318744,48.870361328125
640626,0.008965083594480528,1714.0
1044245,0.008837028230233076,1044.0
1121484,0.008310652158781934,0.0
1121615,0.008273986798462396,29.215728759765625
1055168,0.008227100851161514,2140.0
1269232,0.008216653875354961,43.49622344970703
1142166,0.008198897897839615,2140.0
1129633,0.008148844526836393,201.39453125
470715,0.008131611747350258,1409.0
1129451,0.008101270304475572,385.63433837890625
1054786,0.008090388194743293,2140.0
1054457,0.008090388194743293,2140.0
952632,0.008053540997919925,2171.0
1142045,0.0079813273850145,2140.0
1138023,0.007960576859545754,106.52899169921875
1037797,0.007885638458276605,2140.0
633185,0.00788043971168231,1714.0
744162,0.007730556056416182,2140.0
461640,0.007635360119642474,1409.0
478850,0.007635360119642474,1409.0
461196,0.007635360119642474,1409.0
724010,0.007632959592279254,2140.0
1207574,0.007601140095727981,0.0
1214351,0.007560255655671493,17.57958984375
1122110,0.007560255655671493,17.57958984375
1121075,0.007560255655671493,42.059783935546875
748164,0.007512717786088768,2140.0
473768,0.00749860265164894,1409.0
725307,0.00748418542406868,2140.0
1140337,0.007481103012375847,0.0
1140333,0.007481103012375847,0.0
469101,0.007383990193007449,1409.0
1037845,0.007333966722872133,2140.0
1249038,0.007286532459959286,316.49462890625
711181,0.007279303604815762,2140.0
1049123,0.007162947845692679,1044.0
1138270,0.007139515224014712,145.25234985351562
1222547,0.007098487519185921,0.0
1179833,0.007053379520595771,1409.0
1054405,0.00704626105925462,2140.0
1121346,0.00700672927228808,91.21746826171875
1214241,0.00700672927228808,0.0
1138086,0.00700672927228808,56.688507080078125
1121316,0.00700672927228808,91.21746826171875
473702,0.006929428798314601,1409.0
466642,0.006845410092155746,1409.0
1291610,0.006828774467400026,2.2804946899414062
874409,0.006815861780678517,2474.0
1054425,0.006736033298958323,2140.0
1054705,0.006736033298958323,2140.0
1054716,0.006736033298958323,2140.0
487510,0.006699777215014814,1409.0
497019,0.006674579003364173,830.0
496953,0.006674579003364173,830.0
496942,0.006674579003364173,830.0
1142052,0.006632769978273268,2140.0
744115,0.006602066466066561,2140.0
1141917,0.006563225650132954,2140.0
724869,0.006563225650132954,2140.0
646658,0.006501777987258033,1714.0
1302264,0.006241546330213317,2140.0
1207248,0.006234905432094476,2.6709442138671875
1207423,0.006234905432094476,2.6709442138671875
951364,0.006162271973684236,2171.0
1283215,0.006057838507817889,2505.0
1214215,0.0057480579152279256,51.20404052734375
1213681,0.0057480579152279256,51.20404052734375
1049474,0.005558707338605774,1044.0
1043059,0.005558707338605774,1044.0
1049733,0.005558707338605774,1044.0
1228011,0.005207172178497652,197.8173828125
1228005,0.005207172178497652,197.8173828125
1130251,0.005127410225600896,113.24676513671875
1153816,0.0049717817209224925,127.88534545898438
1154736,0.0049717817209224925,164.81503295898438
1154345,0.0049717817209224925,164.81503295898438
1154363,0.0049717817209224925,164.81503295898438
1042219,0.004917767531750515,830.0
646370,0.0048038194552201385,1714.0
1042212,0.00464589499667356,830.0
726111,0.004620455519874403,2140.0
726558,0.004620455519874403,2140.0
628819,0.004612221564449107,1714.0
1213145,0.004396331369978959,141.93109130859375
1213246,0.004396331369978959,141.93109130859375
1213252,0.004396331369978959,141.93109130859375
1213200,0.004396331369978959,141.93109130859375
495647,0.004334876082834809,830.0
372710,0.003661272840999203,837.0
1037588,0.0028036789381961705,2140.0
315512,0.0015718336154835482,284.0
495388,0.0013353758613259977,830.0
310183,0.0011875984758270661,284.0
310031,0.0011079342644738216,284.0
313263,0.0010954053806667594,284.0
316501,0.0010954053806667594,284.0
297973,0.0007286412853470124,262.0
312720,0.0006294520354167933,284.0
311726,0.0006090173299098428,284.0
328522,0.0005640562212958477,284.0
312331,0.0005640562212958477,284.0
312200,0.0005640562212958477,284.0
326345,0.0005640562212958477,284.0
329040,0.0005640562212958477,284.0
295346,0.00043405107439201406,262.0
297466,0.00043405107439201406,262.0
297167,0.00042332603507941026,262.0
311466,0.00042262816945213487,284.0
327680,0.00042262816945213487,284.0
317679,0.00042262816945213487,284.0
327389,0.00042262816945213487,284.0
309434,0.00042262816945213487,284.0
1071110,0.00040954739779540834,0.0
327302,0.0003948504686484944,284.0
1071407,0.0003948504686484944,0.0
321694,0.0003948504686484944,284.0
1071639,0.0003948504686484944,0.0
1071195,0.0003948504686484944,0.0
319209,0.00038826275813100085,284.0
323922,0.00038826275813100085,284.0
328938,0.00037043594782873554,284.0
319230,0.00036495356753010364,284.0
323802,0.00035953008063858717,284.0
1071225,0.00035479931370297336,0.0
1071636,0.00035479931370297336,0.0
1071270,0.00035479931370297336,0.0
318615,0.0003462232343301386,284.0
326602,0.0003462232343301386,284.0
312811,0.0003363590362076142,284.0
314198,0.00032803525719627595,284.0
317532,0.00032803525719627595,284.0
314850,0.0003237827399932166,284.0
323662,0.0003237827399932166,284.0
316982,0.0003237827399932166,284.0
327752,0.0003232741489316366,284.0
307785,0.0003232741489316366,284.0
328235,0.0003232741489316366,284.0
316973,0.0002943684123835589,284.0
324408,0.00029102801377315545,284.0
309966,0.00029102801377315545,284.0
322230,0.00029102801377315545,284.0
310470,0.00029102801377315545,284.0
315568,0.00029102801377315545,284.0
318869,0.00029102801377315545,284.0
1070830,0.0002820729594344566,0.0
295186,0.00027160284578152367,262.0
307772,0.0002649172739171967,284.0
307800,0.0002649172739171967,284.0
295294,0.0002483505027825414,262.0
314567,0.00023870082718215676,284.0
1212692,0.00023732306429668343,0.0
311926,0.0002267209103285021,284.0
324955,0.0002046810899618655,284.0
1212183,0.00020027116730930892,0.0
1212523,0.0001871475437636536,0.0
1285943,0.0001868475590307717,0.0
318124,0.00017452984026301318,284.0
318161,0.00017452984026301318,284.0
297066,0.00016874845944863347,262.0
295973,0.00012715621490457475,262.0
297684,0.00012715621490457475,262.0
296796,0.00012715621490457475,262.0
297646,0.00010892751447299709,262.0
295470,0.0001010841616547392,262.0
297100,8.92895240311273e-05,262.0
