arm_id,arm_altezza,arm_lmp_potenza_nominale,tmo_id,giorni_guasto,giorni_osservati_finora
1118594,900.0,150.0,2.0,0,780.0
1223823,1300.0,83.0,750.0,0,263.0
1287467,0.0,4.0,2120.0,0,49.0
937064,0.0,65.0,1456.0,0,1145.0
280500,0.0,100.0,1241.0,0,3412.0
1169998,300.0,30.0,195.0,0,414.0
1156574,800.0,102.0,550.0,0,414.0
1000550,500.0,40.0,189.0,0,933.0
584510,0.0,30.0,656.0,0,2271.0
632384,350.0,40.0,769.0,0,1936.0
1135540,400.0,18.0,4079.0,0,780.0
272333,0.0,70.0,189.0,0,3412.0
637215,500.0,30.8,1943.0,0,1936.0
157186,920.0,150.0,241.0,0,2711.0
877750,800.0,18.0,2816.0,0,1145.0
1225569,500.0,13.0,1811.0,0,263.0
474285,800.0,70.0,640.0,0,2241.0
1051802,930.0,52.0,1941.0,0,2606.0
1038436,800.0,77.0,749.0,0,1510.0
712621,450.0,40.5,776.0,0,1510.0
502337,900.0,70.0,640.0,0,2241.0
1167748,300.0,30.0,195.0,0,414.0
1037797,700.0,19.0,749.0,0,1510.0
893173,450.0,150.0,189.0,0,1390.0
1031700,800.0,70.0,189.0,0,780.0
1086888,500.0,150.0,3804.0,0,536.0
140612,900.0,39.5,1867.0,0,2887.0
1116495,0.0,50.0,189.0,0,414.0
490213,650.0,70.0,611.0,0,2241.0
1300379,800.0,40.0,3360.0,0,414.0
1123955,0.0,58.0,4019.0,0,475.0
997489,800.0,150.0,189.0,0,964.0
1205845,900.0,76.0,1155.0,0,414.0
1179833,1020.0,111.0,1384.0,0,2241.0
495798,800.0,73.0,605.0,0,2820.0
699158,0.0,113.0,747.0,0,1498.0
624978,0.0,74.0,753.0,0,1936.0
1129633,800.0,65.0,2065.0,0,414.0
948187,400.0,30.5,1813.0,0,1479.0
902659,900.0,100.0,189.0,0,1510.0
530506,850.0,150.0,189.0,0,2241.0
136802,0.0,32.5,550.0,0,2887.0
1138105,400.0,70.0,2065.0,0,355.0
473009,800.0,70.0,1371.0,0,2241.0
476322,900.0,39.0,550.0,0,2204.0
1124150,0.0,70.0,164.0,0,475.0
1253582,800.0,35.0,4085.0,0,49.0
465463,900.0,150.0,611.0,0,2241.0
644855,500.0,70.0,262.0,0,1936.0
1072059,600.0,115.0,2065.0,0,780.0
271919,0.0,0.0,189.0,0,3412.0
1203900,900.0,49.0,2417.0,0,324.0
1216348,400.0,10.0,2202.0,0,414.0
941350,0.0,12.0,3062.0,0,1145.0
870211,0.0,70.0,1456.0,0,1510.0
989567,700.0,100.0,189.0,0,964.0
1145027,800.0,45.0,4096.0,0,414.0
1193739,1000.0,89.0,2424.0,0,324.0
502752,800.0,100.0,640.0,0,2241.0
936436,0.0,150.0,3054.0,0,1145.0
499160,950.0,100.0,640.0,0,2241.0
1217908,650.0,45.0,2201.0,0,414.0
326602,0.0,210.0,261.0,0,3366.0
987463,700.0,33.0,1803.0,0,1145.0
1022709,800.0,0.0,189.0,0,1086.0
1127369,0.0,37.4,1867.0,0,414.0
1263463,300.0,20.0,1454.0,0,49.0
1095255,600.0,25.0,3707.0,0,889.0
673658,0.0,100.0,225.0,0,1875.0
379648,700.0,100.0,613.0,0,2416.0
986610,1000.0,52.0,3387.0,0,1145.0
1025844,800.0,150.0,73.0,0,1145.0
1059091,1100.0,33.0,1803.0,0,1542.0
1158041,0.0,14.5,749.0,0,414.0
1062670,900.0,30.0,3723.0,0,780.0
1251913,900.0,37.0,749.0,0,414.0
1028478,800.0,100.0,189.0,0,797.0
1217637,700.0,30.0,2201.0,0,414.0
711606,800.0,67.0,722.0,0,1510.0
1041224,0.0,50.0,189.0,0,720.0
1247717,950.0,28.0,3670.0,0,414.0
1226750,500.0,25.0,4394.0,0,414.0
717462,350.0,21.0,1860.0,0,1510.0
1145925,600.0,20.0,225.0,0,414.0
935437,0.0,150.0,1456.0,0,1145.0
998969,900.0,125.0,189.0,0,964.0
488054,600.0,35.0,1612.0,0,2241.0
400007,650.0,70.0,611.0,0,2389.0
998984,900.0,100.0,189.0,0,964.0
1287081,800.0,29.0,1362.0,0,49.0
1202350,1000.0,110.0,2432.0,0,324.0
653223,0.0,33.9,722.0,0,1936.0
1251668,800.0,28.0,749.0,0,414.0
912875,900.0,87.0,605.0,0,1390.0
693131,700.0,70.0,189.0,0,1510.0
1297274,850.0,36.0,4768.0,0,24.0
312720,0.0,110.0,189.0,0,3366.0
1274614,300.0,20.0,2804.0,0,49.0
1291610,500.0,13.5,1811.0,0,49.0
1061476,900.0,20.5,3723.0,0,780.0
637673,0.0,76.0,550.0,0,1936.0
739163,0.0,100.0,1278.0,0,1390.0
963692,550.0,35.0,600.0,0,1145.0
153156,820.0,100.0,53.0,0,2711.0
725909,0.0,16.5,750.0,0,1410.0
185836,0.0,28.0,1317.0,0,2450.0
1257480,800.0,28.0,1867.0,0,49.0
1117852,550.0,70.0,189.0,0,780.0
1138924,0.0,25.5,189.0,0,1773.0
717402,350.0,21.0,1860.0,0,1510.0
852721,500.0,43.0,2611.0,0,1510.0
888185,800.0,40.0,189.0,0,1541.0
1094636,700.0,27.0,754.0,0,1875.0
1064630,0.0,59.2,719.0,0,780.0
1301446,450.0,15.0,3733.0,0,414.0
399945,800.0,30.0,613.0,0,2389.0
894015,400.0,70.0,189.0,0,1390.0
1199491,800.0,34.0,2406.0,0,324.0
699889,1050.0,75.0,1867.0,0,1510.0
531753,1000.0,20.0,211.0,0,2241.0
1137712,800.0,100.0,66.0,0,355.0
156753,820.0,100.0,241.0,0,2711.0
866839,850.0,28.0,2781.0,0,1510.0
1124966,800.0,150.0,2025.0,0,1510.0
999287,900.0,100.0,189.0,0,964.0
966066,900.0,42.0,2208.0,0,1145.0
309434,0.0,70.0,261.0,0,3366.0
1206836,0.0,70.0,2065.0,0,202.0
163273,0.0,100.0,830.0,0,2711.0
1142774,800.0,57.0,722.0,0,332.0
488953,900.0,150.0,9.0,0,2241.0
372710,1200.0,250.0,1205.0,0,2813.0
938434,0.0,21.0,776.0,0,1145.0
639119,1500.0,400.0,468.0,0,1936.0
456729,550.0,30.0,1619.0,0,2241.0
1212725,500.0,75.0,1867.0,0,171.0
870449,0.0,51.0,2270.0,0,1510.0
925109,900.0,70.0,1220.0,0,1145.0
639460,350.0,40.0,769.0,0,1936.0
177473,900.0,70.0,53.0,0,2699.0
1270810,750.0,23.0,2297.0,0,49.0
636640,0.0,35.0,754.0,0,1936.0
642169,0.0,70.0,189.0,0,1936.0
1069671,400.0,21.5,776.0,0,780.0
991127,900.0,100.0,189.0,0,964.0
1040290,0.0,50.0,189.0,0,720.0
927469,800.0,100.0,104.0,0,1145.0
1212692,650.0,50.0,613.0,0,3702.0
1162285,0.0,41.5,550.0,0,414.0
993210,1000.0,150.0,189.0,0,964.0
1154345,800.0,90.0,2065.0,0,233.0
1271227,450.0,13.0,1344.0,0,49.0
1133441,300.0,20.0,2177.0,0,780.0
739773,0.0,41.0,1718.0,0,1390.0
924467,1000.0,54.0,2947.0,0,1145.0
1231830,650.0,30.0,2089.0,0,414.0
409446,0.0,27.0,830.0,0,2299.0
1020039,400.0,70.0,3417.0,0,1114.0
1102802,750.0,95.0,3360.0,0,780.0
185445,0.0,41.0,1317.0,0,2450.0
1114585,500.0,25.0,3930.0,0,780.0
751654,600.0,21.5,2249.0,0,1510.0
946634,20.0,20.0,3212.0,0,1145.0
1121346,700.0,100.0,2065.0,0,414.0
711181,1300.0,75.0,2108.0,0,1510.0
1256276,800.0,38.0,2297.0,0,49.0
313263,0.0,98.0,124.0,0,3366.0
851234,800.0,56.0,2208.0,0,1510.0
173851,1000.0,125.0,166.0,0,2699.0
1123369,0.0,150.0,1625.0,0,475.0
640529,900.0,100.0,189.0,0,1936.0
783113,800.0,37.0,758.0,0,1510.0
659298,550.0,45.0,1995.0,0,1875.0
1284371,800.0,35.0,1803.0,0,1145.0
1018531,0.0,19.0,1336.0,0,1694.0
399710,700.0,100.0,640.0,0,2389.0
643933,750.0,32.0,751.0,0,1936.0
720003,800.0,94.0,1384.0,0,1528.0
1293575,800.0,18.4,1362.0,0,49.0
328522,0.0,110.0,261.0,0,3366.0
639754,750.0,29.0,772.0,0,1936.0
1002687,1200.0,120.0,189.0,0,933.0
468281,800.0,100.0,1374.0,0,2241.0
1176170,700.0,35.0,189.0,0,233.0
1299666,600.0,15.0,3360.0,0,414.0
749217,600.0,21.0,2259.0,0,1510.0
1245979,800.0,25.2,1051.0,0,263.0
1150495,900.0,27.5,750.0,0,414.0
488674,600.0,35.0,1612.0,0,2241.0
637693,0.0,76.0,550.0,0,1936.0
1056981,800.0,55.0,3707.0,0,780.0
1084529,850.0,54.0,3670.0,0,780.0
1020075,700.0,39.0,3414.0,0,1114.0
183985,800.0,38.0,1311.0,0,2564.0
627065,0.0,100.0,393.0,0,1936.0
460819,450.0,50.0,1051.0,0,2241.0
482646,1000.0,150.0,433.0,0,2241.0
992458,1000.0,100.0,189.0,0,964.0
651738,1200.0,30.0,754.0,0,1936.0
649699,500.0,70.0,211.0,0,1936.0
926809,1100.0,150.0,104.0,0,1145.0
1120444,800.0,100.0,157.0,0,780.0
1060617,900.0,30.0,3723.0,0,780.0
1228011,900.0,80.0,2065.0,0,414.0
1284395,800.0,63.0,358.0,0,1145.0
679325,400.0,50.0,613.0,0,1875.0
850557,900.0,17.0,2208.0,0,1510.0
459461,800.0,30.0,613.0,0,2241.0
341714,0.0,0.0,189.0,0,3278.0
697791,400.0,32.0,189.0,0,1510.0
484568,800.0,70.0,1371.0,0,2241.0
1264408,800.0,35.0,1379.0,0,49.0
166891,820.0,100.0,241.0,0,2711.0
397361,800.0,70.0,613.0,0,2389.0
1288080,500.0,19.0,1811.0,0,49.0
620718,0.0,60.0,144.0,0,1936.0
1146399,900.0,35.0,2089.0,0,414.0
944348,0.0,56.0,122.0,0,1145.0
274264,0.0,100.0,189.0,0,3412.0
1269675,300.0,10.0,2292.0,0,49.0
625122,0.0,38.0,755.0,0,1936.0
471542,950.0,150.0,1373.0,0,2241.0
1257328,700.0,19.0,2297.0,0,49.0
937882,0.0,22.0,3075.0,0,1145.0
1018932,0.0,50.0,189.0,0,1694.0
278748,0.0,70.0,194.0,0,3412.0
692410,800.0,40.0,189.0,0,1510.0
707933,750.0,67.0,722.0,0,1510.0
647191,0.0,100.0,189.0,0,1936.0
869161,0.0,32.0,1718.0,0,1420.0
1286310,0.0,35.0,2065.0,0,110.0
1036146,0.0,30.0,3647.0,0,780.0
745753,800.0,30.0,2201.0,0,1510.0
944662,0.0,48.0,358.0,0,1145.0
312200,0.0,110.0,261.0,0,3366.0
1245066,400.0,19.9,2165.0,0,263.0
407504,800.0,76.0,749.0,0,2299.0
488343,800.0,100.0,9.0,0,2241.0
1156196,1000.0,250.0,613.0,0,414.0
674329,0.0,37.0,749.0,0,1875.0
1030284,300.0,70.0,457.0,0,797.0
1231200,800.0,75.0,2089.0,0,414.0
274420,0.0,100.0,189.0,0,3412.0
1183711,420.0,28.0,1745.0,0,414.0
1034170,800.0,60.0,100.0,0,780.0
653683,820.0,76.0,550.0,0,1936.0
376976,1000.0,150.0,640.0,0,2416.0
687340,0.0,22.0,550.0,0,1654.0
1287315,0.0,49.0,1541.0,0,49.0
321694,0.0,70.0,189.0,0,3366.0
968112,900.0,56.0,2208.0,0,1145.0
739687,0.0,41.0,1718.0,0,1390.0
970709,400.0,31.0,3062.0,0,1145.0
1015910,500.0,29.0,2993.0,0,1875.0
1040678,0.0,40.0,189.0,0,720.0
1071225,0.0,100.0,189.0,0,4981.0
1253918,900.0,25.0,772.0,0,49.0
495647,700.0,40.5,941.0,0,2820.0
910134,350.0,70.0,2769.0,0,1390.0
1153214,650.0,25.0,2201.0,0,780.0
407795,900.0,29.0,225.0,0,2299.0
1001060,800.0,150.0,189.0,0,933.0
275082,0.0,100.0,189.0,0,3412.0
1018566,0.0,70.0,189.0,0,1694.0
1054705,800.0,21.0,1803.0,0,1510.0
1110113,550.0,50.0,3949.0,0,780.0
164406,620.0,70.0,50.0,0,2711.0
530372,850.0,100.0,189.0,0,2241.0
670435,400.0,45.0,286.0,0,1875.0
138066,0.0,42.5,550.0,0,2887.0
485241,800.0,50.0,613.0,0,2241.0
1205639,0.0,18.0,613.0,0,1145.0
934103,0.0,,550.0,0,1021.0
987441,1000.0,50.0,1803.0,0,1145.0
1025950,0.0,80.0,189.0,0,1145.0
1249107,950.0,54.0,3670.0,0,414.0
1254169,800.0,81.0,2286.0,0,49.0
1046459,950.0,37.0,1941.0,0,2606.0
1105395,800.0,90.0,3954.0,0,780.0
927258,1000.0,70.0,1220.0,0,1145.0
1001109,800.0,150.0,189.0,0,933.0
687549,0.0,20.0,550.0,0,1654.0
712767,500.0,49.0,776.0,0,1510.0
1247242,1000.0,55.9,1051.0,0,263.0
1165046,0.0,32.5,550.0,0,414.0
874284,900.0,60.0,2803.0,0,1176.0
553192,700.0,16.0,1725.0,0,2254.0
543998,800.0,32.0,1718.0,0,2535.0
1151199,400.0,30.0,2177.0,0,780.0
749433,700.0,34.5,1344.0,0,1510.0
280473,0.0,70.0,189.0,0,3412.0
1027709,0.0,58.0,189.0,0,1145.0
963775,0.0,125.0,189.0,0,1114.0
716247,50.0,40.5,2108.0,0,1510.0
1200782,580.0,70.0,1152.0,0,324.0
466230,300.0,11.0,599.0,0,2241.0
741696,600.0,40.5,776.0,0,1375.0
936314,0.0,27.0,358.0,0,1145.0
1292845,0.0,10.0,2164.0,0,49.0
1123602,0.0,100.0,263.0,0,475.0
1185622,820.0,21.0,3670.0,0,414.0
828935,100.0,10.8,1814.0,0,1289.0
1054275,800.0,37.0,1803.0,0,1510.0
1186639,920.0,53.0,3719.0,0,414.0
1299790,1000.0,25.0,3360.0,0,414.0
950619,800.0,28.0,750.0,0,1479.0
1000442,800.0,90.0,189.0,0,933.0
671671,0.0,70.0,189.0,0,1875.0
1126576,700.0,95.0,613.0,0,1510.0
1207124,0.0,150.0,2065.0,0,202.0
160286,820.0,100.0,2.0,0,2711.0
1163202,0.0,32.5,550.0,0,414.0
968912,500.0,22.0,3365.0,0,1145.0
697926,650.0,100.0,189.0,0,1510.0
638528,0.0,250.0,189.0,0,1936.0
1054425,800.0,21.0,1803.0,0,1510.0
174029,900.0,100.0,2.0,0,2699.0
1086014,850.0,27.0,3670.0,0,780.0
400961,400.0,70.0,729.0,0,2389.0
274507,0.0,70.0,189.0,0,3412.0
1186852,1020.0,40.0,3800.0,0,414.0
1035406,600.0,40.0,3633.0,0,780.0
971204,600.0,22.0,1947.0,0,924.0
1193153,1200.0,110.0,2429.0,0,324.0
160754,820.0,43.0,358.0,0,2711.0
1183812,320.0,28.0,1745.0,0,414.0
1192641,900.0,61.0,2443.0,0,324.0
1272236,700.0,18.0,1379.0,0,49.0
278005,0.0,150.0,1241.0,0,3412.0
923123,900.0,150.0,2959.0,0,1145.0
170680,0.0,58.0,549.0,0,2711.0
484360,500.0,150.0,601.0,0,2241.0
913852,0.0,22.0,1344.0,0,1510.0
867110,600.0,28.0,2781.0,0,1510.0
1178807,500.0,15.0,2089.0,0,414.0
943506,0.0,40.0,776.0,0,1145.0
630255,0.0,100.0,189.0,0,1936.0
1243569,800.0,50.0,2065.0,0,263.0
939886,0.0,48.0,358.0,0,1145.0
173706,900.0,100.0,66.0,0,2699.0
898789,950.0,100.0,189.0,0,1510.0
1055168,400.0,19.0,1745.0,0,1510.0
327752,0.0,100.0,261.0,0,3366.0
1207423,700.0,150.0,2065.0,0,202.0
1129451,600.0,25.0,2065.0,0,414.0
164634,800.0,43.0,358.0,0,2711.0
697896,20.0,20.0,189.0,0,1510.0
1105273,400.0,25.0,2177.0,0,780.0
933420,0.0,41.0,1803.0,0,2241.0
1077748,500.0,100.0,2065.0,0,841.0
1045314,930.0,37.0,1941.0,0,2606.0
479613,800.0,100.0,7.0,0,2241.0
894517,450.0,32.0,189.0,0,1390.0
1133832,800.0,25.0,3360.0,0,780.0
993536,800.0,100.0,189.0,0,964.0
948250,350.0,21.0,1813.0,0,1479.0
750460,1000.0,21.0,2259.0,0,1510.0
935658,0.0,52.4,3062.0,0,1145.0
1297276,850.0,36.0,4768.0,0,24.0
1293194,800.0,25.0,1362.0,0,49.0
694679,400.0,70.0,189.0,0,1510.0
1195184,900.0,49.0,2417.0,0,324.0
401134,800.0,100.0,613.0,0,2389.0
1278252,700.0,25.0,4683.0,0,49.0
1255890,800.0,37.0,1379.0,0,49.0
457225,300.0,18.0,612.0,0,2241.0
993499,800.0,100.0,189.0,0,964.0
691786,800.0,250.0,189.0,0,1510.0
917884,400.0,39.0,2980.0,0,1145.0
1098136,900.0,37.5,3718.0,0,486.0
461115,900.0,50.0,550.0,0,2241.0
1200147,900.0,34.0,2406.0,0,324.0
733160,400.0,28.0,3227.0,0,1510.0
909204,550.0,100.0,225.0,0,1390.0
647353,1200.0,250.0,66.0,0,1936.0
185592,0.0,14.5,1317.0,0,2450.0
856691,800.0,100.0,189.0,0,1237.0
1020683,0.0,21.0,2270.0,0,1145.0
1040567,0.0,40.0,189.0,0,720.0
412838,600.0,150.0,189.0,0,2299.0
1291587,800.0,36.5,1362.0,0,49.0
1043848,800.0,52.0,1941.0,0,2606.0
970977,800.0,100.0,941.0,0,955.0
315512,0.0,73.0,124.0,0,3366.0
1076925,900.0,150.0,2065.0,0,841.0
1268461,800.0,26.0,2297.0,0,49.0
1192766,800.0,25.0,2402.0,0,324.0
1176357,750.0,35.0,189.0,0,233.0
903447,900.0,100.0,189.0,0,1510.0
969711,850.0,65.0,3360.0,0,1145.0
740423,350.0,40.5,776.0,0,1378.0
1192493,0.0,20.0,2403.0,0,324.0
1222447,900.0,50.0,2065.0,0,263.0
1272988,700.0,33.0,4683.0,0,49.0
1118482,1000.0,150.0,2.0,0,780.0
638737,1200.0,100.0,189.0,0,1936.0
487558,1000.0,150.0,8.0,0,2241.0
697303,400.0,70.0,189.0,0,1510.0
751570,1000.0,98.0,2257.0,0,1510.0
1115935,0.0,90.0,122.0,0,414.0
740514,400.0,50.0,722.0,0,1378.0
1171397,600.0,70.0,215.0,0,414.0
851529,700.0,56.0,2208.0,0,1510.0
1146047,800.0,25.0,4096.0,0,414.0
1221583,350.0,41.0,1745.0,0,324.0
469381,600.0,30.0,774.0,0,2241.0
1213956,1150.0,10.0,2065.0,0,414.0
635168,1200.0,150.0,189.0,0,1936.0
951595,550.0,30.5,1813.0,0,1479.0
1214215,400.0,100.0,2065.0,0,414.0
1071195,0.0,70.0,189.0,0,4981.0
480069,450.0,40.0,1622.0,0,2241.0
1245414,800.0,27.7,1051.0,0,263.0
312811,0.0,100.0,144.0,0,3366.0
1200472,900.0,61.0,2443.0,0,324.0
1127357,0.0,70.0,8.0,0,414.0
701503,400.0,27.0,372.0,0,1510.0
1232646,800.0,35.0,2089.0,0,414.0
163393,0.0,70.0,276.0,0,2711.0
694756,400.0,70.0,189.0,0,1510.0
478850,800.0,40.0,1051.0,0,2241.0
706294,850.0,57.0,722.0,0,1510.0
917586,700.0,100.0,100.0,0,1145.0
981246,500.0,35.0,3387.0,0,1145.0
1146336,500.0,30.0,4090.0,0,414.0
1209360,700.0,30.0,2089.0,0,780.0
1105271,900.0,90.0,3954.0,0,780.0
997517,800.0,100.0,189.0,0,964.0
1042052,700.0,40.0,774.0,0,778.0
336445,0.0,125.0,189.0,0,3312.0
1263884,400.0,26.0,425.0,0,49.0
487323,800.0,30.0,550.0,0,2241.0
503567,800.0,100.0,613.0,0,2241.0
1137802,800.0,55.0,4085.0,0,355.0
1141343,1000.0,100.0,2065.0,0,536.0
1146186,800.0,65.0,440.0,0,414.0
1050379,800.0,71.0,2254.0,0,2606.0
1043207,800.0,37.0,1941.0,0,2606.0
550079,500.0,19.0,624.0,0,2821.0
477858,650.0,50.0,613.0,0,2241.0
1173826,800.0,82.4,3252.0,0,780.0
1259054,500.0,13.0,2292.0,0,49.0
179953,400.0,150.0,573.0,0,2699.0
1060614,900.0,30.0,3723.0,0,780.0
1268983,600.0,26.0,2297.0,0,49.0
461640,800.0,40.0,1051.0,0,2241.0
628285,1200.0,100.0,531.0,0,1936.0
1049733,800.0,28.0,749.0,0,2606.0
1050974,800.0,37.0,1941.0,0,2606.0
336531,0.0,125.0,189.0,0,3312.0
456661,550.0,30.0,1619.0,0,2241.0
998328,700.0,100.0,189.0,0,964.0
1068710,250.0,14.0,2065.0,0,689.0
1041662,0.0,50.0,189.0,0,720.0
946028,0.0,34.0,189.0,0,1145.0
1228652,400.0,15.4,3226.0,0,414.0
279620,0.0,70.0,189.0,0,3412.0
852691,800.0,56.0,772.0,0,1510.0
708243,800.0,57.0,722.0,0,1510.0
948227,1000.0,44.0,1867.0,0,1479.0
401435,800.0,250.0,640.0,0,2389.0
1184498,920.0,94.0,1383.0,0,414.0
904897,400.0,150.0,189.0,0,1510.0
1130070,900.0,70.0,2065.0,0,414.0
378866,900.0,100.0,613.0,0,2416.0
1077967,1100.0,150.0,2065.0,0,841.0
1127220,0.0,70.0,8.0,0,414.0
473933,800.0,70.0,1376.0,0,2241.0
1285998,1500.0,1068.0,189.0,0,294.0
1045299,930.0,37.0,1941.0,0,2606.0
652417,0.0,70.0,189.0,0,1936.0
1284631,300.0,17.0,1745.0,0,1145.0
750191,500.0,21.0,2259.0,0,1510.0
490059,600.0,35.0,611.0,0,2241.0
1119245,700.0,100.0,157.0,0,780.0
1236735,600.0,44.8,1344.0,0,1510.0
1208355,300.0,25.0,2177.0,0,780.0
936698,0.0,48.0,358.0,0,1145.0
460415,750.0,100.0,613.0,0,2241.0
1123893,0.0,100.0,4016.0,0,475.0
457769,450.0,30.0,1619.0,0,2241.0
1217918,650.0,45.0,2201.0,0,414.0
1108899,450.0,25.0,3361.0,0,780.0
1071110,0.0,150.0,189.0,0,4981.0
737362,550.0,26.0,1517.0,0,1390.0
646658,650.0,21.5,722.0,0,1936.0
1205240,800.0,48.0,1317.0,0,1145.0
1037845,1000.0,76.0,3667.0,0,1510.0
139047,0.0,61.0,550.0,0,2887.0
891884,850.0,70.0,189.0,0,1359.0
637823,1200.0,150.0,262.0,0,1936.0
996321,500.0,100.0,189.0,0,964.0
1144068,700.0,125.0,189.0,0,535.0
1116765,0.0,100.0,122.0,0,414.0
743610,350.0,49.0,722.0,0,1373.0
933298,0.0,30.0,1803.0,0,2241.0
1067606,800.0,30.5,1867.0,0,2274.0
1097170,500.0,15.0,3905.0,0,628.0
783238,800.0,19.0,758.0,0,1510.0
707425,2500.0,87.0,677.0,0,1510.0
747587,800.0,44.0,550.0,0,1367.0
720054,1050.0,84.0,2108.0,0,1465.0
942693,0.0,42.0,358.0,0,1145.0
630345,0.0,32.0,758.0,0,1936.0
1193133,1200.0,110.0,2429.0,0,324.0
865937,850.0,28.0,2781.0,0,1510.0
411504,130.0,6.0,189.0,0,2299.0
1090407,800.0,30.0,3361.0,0,598.0
919235,800.0,70.0,1278.0,0,1145.0
1099983,700.0,45.0,772.0,0,780.0
724518,700.0,27.0,2168.0,0,1510.0
754395,0.0,70.0,35.0,0,1510.0
1196639,800.0,100.0,1180.0,0,324.0
1127169,0.0,70.0,8.0,0,414.0
652764,0.0,100.0,189.0,0,1936.0
945370,0.0,40.0,645.0,0,1145.0
1199987,0.0,70.0,105.0,0,324.0
989473,500.0,100.0,189.0,0,964.0
1121316,700.0,100.0,2065.0,0,414.0
1171306,600.0,70.0,215.0,0,414.0
1236734,500.0,31.0,1805.0,0,1510.0
498836,900.0,150.0,640.0,0,2241.0
178130,600.0,70.0,1.0,0,2699.0
1130672,800.0,70.0,2065.0,0,414.0
1233064,450.0,20.0,2177.0,0,414.0
911759,550.0,70.0,225.0,0,1390.0
942507,0.0,52.4,3062.0,0,1145.0
717886,900.0,250.0,241.0,0,1510.0
318161,0.0,110.0,1001.0,0,3366.0
378009,800.0,100.0,613.0,0,2416.0
652010,0.0,250.0,468.0,0,1936.0
175770,400.0,70.0,425.0,0,2699.0
563131,10.0,70.0,144.0,0,2241.0
328235,0.0,100.0,261.0,0,3366.0
280205,0.0,100.0,1241.0,0,3412.0
474377,900.0,57.0,550.0,0,2204.0
466642,1100.0,71.0,1362.0,0,2241.0
1104981,800.0,90.0,3954.0,0,780.0
398513,500.0,250.0,611.0,0,2389.0
981307,500.0,17.0,3387.0,0,1145.0
1136223,0.0,250.0,2065.0,0,355.0
1116120,0.0,90.0,122.0,0,414.0
1029965,800.0,100.0,8.0,0,797.0
1301371,950.0,90.0,3360.0,0,414.0
960495,900.0,104.0,100.0,0,1145.0
396188,500.0,70.0,603.0,0,2389.0
401932,800.0,100.0,640.0,0,2389.0
1097145,800.0,39.5,1155.0,0,628.0
993191,1000.0,250.0,189.0,0,964.0
465671,300.0,35.0,612.0,0,2241.0
923216,300.0,70.0,11.0,0,1145.0
726558,1.0,10.0,189.0,0,1510.0
991186,900.0,100.0,189.0,0,964.0
1164097,0.0,47.0,550.0,0,414.0
969623,500.0,29.0,3365.0,0,1145.0
1121484,750.0,100.0,2065.0,0,414.0
940860,0.0,2.0,189.0,0,1145.0
864334,400.0,28.0,2781.0,0,1510.0
859909,700.0,70.0,189.0,0,1237.0
169114,520.0,22.0,754.0,0,2711.0
719406,0.0,40.0,1867.0,0,1487.0
1015032,0.0,70.0,189.0,0,1025.0
336063,0.0,0.0,189.0,0,3312.0
277082,0.0,100.0,906.0,0,3412.0
704710,900.0,84.0,722.0,0,1510.0
581725,700.0,102.0,550.0,0,2210.0
1062039,800.0,30.0,3723.0,0,780.0
636550,500.0,70.0,262.0,0,1936.0
692336,800.0,250.0,189.0,0,1510.0
1030336,700.0,70.0,7.0,0,797.0
1249870,900.0,41.0,3670.0,0,414.0
173745,800.0,100.0,66.0,0,2699.0
983746,0.0,5.0,189.0,0,1145.0
1033509,500.0,100.0,189.0,0,994.0
843697,900.0,61.0,440.0,0,1510.0
702906,800.0,67.0,722.0,0,1510.0
647694,1200.0,100.0,189.0,0,1936.0
1174263,600.0,80.0,4118.0,0,780.0
1262008,1200.0,100.0,189.0,0,49.0
1266907,500.0,16.0,1344.0,0,49.0
695073,450.0,70.0,189.0,0,1510.0
963870,0.0,100.0,189.0,0,1114.0
1206823,750.0,70.0,2065.0,0,202.0
273267,0.0,70.0,189.0,0,3412.0
279179,0.0,50.0,906.0,0,3412.0
983088,0.0,35.0,1745.0,0,1145.0
461981,500.0,30.0,1609.0,0,2241.0
404671,800.0,100.0,8.0,0,2389.0
1184847,920.0,67.0,3719.0,0,414.0
549229,900.0,42.0,1717.0,0,2319.0
1187000,820.0,27.0,3670.0,0,414.0
466310,950.0,70.0,1317.0,0,2241.0
1074067,600.0,20.0,3707.0,0,780.0
1174079,900.0,51.6,3252.0,0,780.0
1052089,800.0,52.0,1941.0,0,2606.0
753331,0.0,70.0,601.0,0,1510.0
980977,400.0,19.0,189.0,0,407.0
990803,0.0,70.0,189.0,0,964.0
1031087,650.0,27.0,3367.0,0,964.0
564405,800.0,86.0,1761.0,0,2101.0
404608,800.0,100.0,8.0,0,2389.0
1279862,700.0,19.0,2297.0,0,49.0
487215,700.0,30.0,613.0,0,2241.0
1151438,900.0,50.0,4108.0,0,780.0
1284484,400.0,17.0,1745.0,0,1145.0
1187963,820.0,27.0,3670.0,0,414.0
711113,700.0,54.0,1342.0,0,1510.0
1268116,700.0,23.0,2297.0,0,49.0
1287800,500.0,19.0,1811.0,0,49.0
465495,800.0,150.0,7.0,0,2241.0
471168,800.0,150.0,1373.0,0,2241.0
297684,900.0,100.0,100.0,0,3388.0
1015612,0.0,70.0,189.0,0,1025.0
1001842,0.0,9.0,189.0,0,933.0
962036,900.0,250.0,23.0,0,1145.0
919504,900.0,100.0,1220.0,0,1145.0
565084,800.0,67.0,3368.0,0,1145.0
1178975,710.0,35.0,2168.0,0,414.0
1282868,500.0,31.0,2070.0,0,1145.0
1044359,900.0,52.0,1941.0,0,2606.0
970791,0.0,30.0,2252.0,0,2050.0
1080606,700.0,29.0,772.0,0,2606.0
1252299,800.0,28.0,749.0,0,414.0
577954,900.0,172.0,1790.0,0,2101.0
482928,400.0,70.0,1377.0,0,2241.0
307772,0.0,100.0,225.0,0,3366.0
1060430,900.0,100.0,3723.0,0,780.0
827666,0.0,4.0,2065.0,0,1755.0
1034848,800.0,50.0,3633.0,0,780.0
936639,0.0,40.0,776.0,0,1145.0
296796,900.0,100.0,100.0,0,3388.0
136603,0.0,32.5,550.0,0,2887.0
717393,350.0,21.0,1860.0,0,1510.0
1290636,800.0,36.5,1362.0,0,49.0
642349,0.0,30.5,776.0,0,1936.0
1257266,800.0,58.0,1867.0,0,49.0
978788,500.0,6.0,189.0,0,1145.0
314850,0.0,250.0,261.0,0,3366.0
1265529,900.0,53.0,749.0,0,49.0
1162514,0.0,21.5,655.0,0,414.0
712184,450.0,46.0,355.0,0,1510.0
486558,800.0,100.0,206.0,0,2241.0
319230,0.0,250.0,437.0,0,3366.0
847299,700.0,41.0,1718.0,0,1510.0
625219,350.0,36.0,189.0,0,1936.0
872761,1000.0,80.0,1278.0,0,1176.0
463040,800.0,100.0,9.0,0,2241.0
485370,500.0,40.0,1619.0,0,2241.0
707844,900.0,117.0,2105.0,0,1510.0
1069010,850.0,100.0,2065.0,0,689.0
1154736,800.0,90.0,2065.0,0,233.0
136039,0.0,41.5,550.0,0,2887.0
922265,600.0,17.0,2967.0,0,1145.0
1052001,800.0,37.0,1941.0,0,2606.0
910805,550.0,70.0,659.0,0,1390.0
378585,900.0,100.0,640.0,0,2416.0
1074200,800.0,20.0,3707.0,0,780.0
638287,800.0,150.0,527.0,0,1936.0
1029750,900.0,100.0,262.0,0,797.0
1105154,800.0,90.0,3954.0,0,780.0
1202270,900.0,61.0,2443.0,0,324.0
1063480,900.0,20.5,3723.0,0,780.0
1053151,950.0,41.0,1941.0,0,2606.0
411419,400.0,44.0,1405.0,0,2299.0
1173645,800.0,46.3,3252.0,0,780.0
1096198,500.0,60.0,2361.0,0,889.0
1118834,800.0,100.0,157.0,0,780.0
1209402,500.0,20.0,2202.0,0,780.0
1039412,0.0,100.0,189.0,0,720.0
690552,800.0,100.0,189.0,0,1510.0
1272107,900.0,51.0,2296.0,0,49.0
1038610,800.0,28.0,749.0,0,1510.0
397571,600.0,100.0,613.0,0,2389.0
1169404,350.0,70.0,96.0,0,414.0
1272753,800.0,23.0,4683.0,0,49.0
995373,1000.0,250.0,189.0,0,964.0
1161024,0.0,32.5,550.0,0,414.0
751625,1000.0,98.0,2257.0,0,1510.0
1045234,0.0,52.0,1941.0,0,2606.0
746133,700.0,32.0,1718.0,0,1510.0
471245,750.0,100.0,68.0,0,2241.0
726399,300.0,17.5,2178.0,0,1510.0
1023513,900.0,26.5,1362.0,0,933.0
530091,0.0,3.0,189.0,0,2241.0
460224,600.0,50.0,605.0,0,2241.0
908029,950.0,100.0,8.0,0,1390.0
1299867,1050.0,35.0,3360.0,0,414.0
1245814,850.0,55.9,1051.0,0,263.0
991147,900.0,150.0,189.0,0,964.0
1275887,800.0,14.0,1379.0,0,49.0
870680,0.0,31.0,2270.0,0,1510.0
271736,0.0,0.0,189.0,0,3412.0
695580,450.0,70.0,189.0,0,1510.0
1199342,0.0,100.0,1180.0,0,324.0
740903,0.0,50.0,189.0,0,1378.0
1167112,0.0,0.4,189.0,0,414.0
310470,0.0,150.0,261.0,0,3366.0
1246975,600.0,17.2,678.0,0,263.0
1249510,650.0,36.0,2810.0,0,414.0
1096143,500.0,40.0,3898.0,0,889.0
875566,800.0,60.0,2803.0,0,1176.0
583078,550.0,22.0,754.0,0,2241.0
1150002,500.0,100.0,2065.0,0,689.0
1153816,850.0,90.0,2065.0,0,233.0
1061194,900.0,30.0,3723.0,0,780.0
1096285,700.0,45.0,3707.0,0,525.0
530151,850.0,100.0,189.0,0,2241.0
271688,0.0,0.0,189.0,0,3412.0
474334,650.0,100.0,1374.0,0,2241.0
1173821,800.0,32.1,3252.0,0,780.0
1164202,0.0,41.5,550.0,0,414.0
295294,900.0,100.0,183.0,0,3388.0
993255,800.0,100.0,189.0,0,964.0
578761,0.0,21.0,550.0,0,2023.0
1138270,350.0,70.0,2065.0,0,355.0
1137375,0.0,100.0,2065.0,0,355.0
1134575,700.0,23.0,4079.0,0,780.0
1074640,600.0,25.0,3707.0,0,780.0
1196019,700.0,49.0,2417.0,0,324.0
869315,0.0,41.0,1718.0,0,1420.0
849936,1000.0,87.0,2209.0,0,1510.0
1050633,930.0,37.0,1941.0,0,2606.0
1231528,350.0,15.0,2177.0,0,414.0
900499,1000.0,100.0,189.0,0,1510.0
636465,1200.0,25.0,754.0,0,1936.0
717442,350.0,21.0,1860.0,0,1510.0
1213200,350.0,100.0,2065.0,0,414.0
640626,1200.0,100.0,177.0,0,1936.0
693123,400.0,150.0,189.0,0,1510.0
787008,500.0,54.0,1459.0,0,1510.0
309966,0.0,150.0,261.0,0,3366.0
1226887,400.0,20.0,4394.0,0,414.0
1274558,800.0,41.0,1379.0,0,49.0
1264880,500.0,60.0,1092.0,0,49.0
462930,800.0,50.0,550.0,0,2241.0
1121615,800.0,100.0,2065.0,0,414.0
468768,600.0,100.0,611.0,0,2241.0
869734,0.0,20.0,1744.0,0,1420.0
553346,500.0,30.0,599.0,0,2254.0
1044249,1100.0,52.0,1941.0,0,2606.0
183141,400.0,50.0,7.0,0,2699.0
851016,850.0,48.0,2208.0,0,1510.0
899703,1000.0,100.0,189.0,0,1510.0
295186,900.0,150.0,183.0,0,3388.0
582932,600.0,32.0,754.0,0,2241.0
407740,800.0,76.0,749.0,0,2299.0
717673,0.0,1.0,189.0,0,1510.0
474180,700.0,30.0,613.0,0,2241.0
1031372,500.0,28.0,2060.0,0,964.0
1259354,500.0,36.0,2292.0,0,49.0
1036420,700.0,70.0,995.0,0,780.0
1034675,1000.0,150.0,189.0,0,780.0
1141894,700.0,50.0,2168.0,0,1510.0
580165,0.0,53.0,1745.0,0,1896.0
755638,0.0,45.0,2269.0,0,1510.0
669298,750.0,65.0,358.0,0,1875.0
473909,650.0,70.0,640.0,0,2241.0
1129934,800.0,30.0,2065.0,0,414.0
633260,650.0,150.0,189.0,0,1936.0
747034,800.0,70.0,772.0,0,1510.0
1037423,900.0,59.0,1011.0,0,720.0
992079,800.0,100.0,189.0,0,964.0
991285,800.0,100.0,189.0,0,964.0
1253788,900.0,50.0,772.0,0,49.0
1289573,0.0,49.0,1541.0,0,49.0
1073057,600.0,15.0,3715.0,0,780.0
1106744,0.0,80.0,3360.0,0,780.0
1080228,500.0,31.0,1564.0,0,559.0
140441,1400.0,76.0,1867.0,0,2887.0
1218418,450.0,35.0,2096.0,0,414.0
878720,900.0,76.0,2815.0,0,1145.0
989510,600.0,100.0,189.0,0,964.0
1037357,950.0,59.0,,0,722.0
1235123,700.0,27.0,749.0,0,1145.0
624700,1200.0,150.0,189.0,0,1936.0
653358,0.0,170.0,189.0,0,1936.0
996188,1500.0,250.0,189.0,0,964.0
696894,400.0,100.0,189.0,0,1510.0
1257775,800.0,49.0,749.0,0,49.0
319209,0.0,150.0,144.0,0,3366.0
468338,800.0,70.0,1371.0,0,2241.0
151216,0.0,28.0,749.0,0,2711.0
673641,0.0,100.0,7.0,0,1875.0
628412,500.0,100.0,122.0,0,1936.0
851651,950.0,87.0,2209.0,0,1510.0
1176120,850.0,35.0,189.0,0,233.0
1068208,850.0,37.0,722.0,0,689.0
475294,650.0,100.0,1360.0,0,2241.0
969072,600.0,20.0,3361.0,0,1145.0
1299757,900.0,80.0,3360.0,0,414.0
784207,800.0,28.0,758.0,0,1510.0
1251561,800.0,65.0,749.0,0,414.0
279739,0.0,70.0,906.0,0,3412.0
1054457,1100.0,53.0,3368.0,0,1510.0
726354,300.0,30.5,1813.0,0,1510.0
688447,0.0,40.5,550.0,0,1654.0
274795,0.0,125.0,189.0,0,3412.0
936199,0.0,35.0,358.0,0,1145.0
895122,650.0,75.0,189.0,0,1390.0
496105,800.0,73.0,605.0,0,2820.0
1135685,500.0,16.0,4078.0,0,780.0
318869,0.0,150.0,261.0,0,3366.0
652161,0.0,100.0,189.0,0,1936.0
1209468,700.0,30.0,2089.0,0,780.0
1136489,0.0,150.0,2065.0,0,355.0
1022440,700.0,50.0,189.0,0,1086.0
1001126,600.0,150.0,189.0,0,933.0
1224834,800.0,41.0,750.0,0,263.0
997132,300.0,13.0,189.0,0,964.0
863180,0.0,41.0,1803.0,0,1420.0
1095389,700.0,35.0,3707.0,0,889.0
183369,300.0,100.0,170.0,0,2699.0
1167372,0.0,40.0,759.0,0,414.0
180554,900.0,150.0,567.0,0,2699.0
1086338,800.0,20.0,1867.0,0,519.0
1074311,600.0,42.0,2065.0,0,780.0
856908,800.0,100.0,189.0,0,1237.0
843449,0.0,25.0,1760.0,0,1282.0
162737,820.0,150.0,54.0,0,2711.0
707365,650.0,28.0,601.0,0,1510.0
409726,0.0,56.0,1384.0,0,2299.0
997216,1000.0,250.0,189.0,0,964.0
1057669,800.0,30.0,3707.0,0,780.0
649667,500.0,70.0,211.0,0,1936.0
467804,800.0,100.0,1361.0,0,2241.0
1081016,600.0,29.0,772.0,0,2606.0
653607,900.0,89.0,1278.0,0,1936.0
1278811,700.0,37.0,4683.0,0,49.0
579225,700.0,100.0,8.0,0,2241.0
160431,800.0,53.0,358.0,0,2711.0
825139,0.0,22.0,1718.0,0,1510.0
485548,650.0,70.0,1377.0,0,2241.0
1288066,0.0,10.0,2164.0,0,49.0
1123439,0.0,150.0,995.0,0,475.0
901852,900.0,13.0,189.0,0,1510.0
1083250,600.0,22.0,772.0,0,2606.0
553701,400.0,30.0,599.0,0,2254.0
615985,1000.0,35.0,1884.0,0,1936.0
140571,800.0,39.5,1867.0,0,2887.0
1245664,1000.0,62.5,1051.0,0,263.0
181487,900.0,150.0,66.0,0,2699.0
948956,450.0,21.5,1813.0,0,1479.0
532169,0.0,20.0,189.0,0,2241.0
877128,800.0,46.0,2816.0,0,1145.0
1050897,0.0,71.0,2254.0,0,2606.0
1094527,600.0,150.0,640.0,0,1875.0
749756,1000.0,31.0,2259.0,0,1510.0
932503,2.0,18.0,189.0,0,1050.0
327302,0.0,70.0,189.0,0,3366.0
473817,600.0,50.0,613.0,0,2241.0
460765,700.0,100.0,418.0,0,2241.0
323802,0.0,110.0,287.0,0,3366.0
741546,1000.0,84.0,722.0,0,1378.0
1156496,500.0,60.9,2039.0,0,414.0
924694,800.0,150.0,2960.0,0,1145.0
1124922,450.0,150.0,612.0,0,1510.0
952632,800.0,65.0,749.0,0,1479.0
1292385,0.0,7.5,2129.0,0,49.0
925882,800.0,100.0,1278.0,0,1145.0
311726,0.0,70.0,122.0,0,3366.0
396215,750.0,100.0,613.0,0,2389.0
173432,400.0,70.0,40.0,0,2699.0
1256100,800.0,45.0,2296.0,0,49.0
1136816,0.0,150.0,2065.0,0,355.0
1183916,820.0,27.0,3670.0,0,414.0
455774,500.0,30.0,1619.0,0,2241.0
1217029,800.0,40.0,2201.0,0,414.0
543358,0.0,38.0,1313.0,0,2241.0
920693,1800.0,150.0,124.0,0,1145.0
403837,2500.0,800.0,601.0,0,2389.0
278178,0.0,70.0,906.0,0,3412.0
1118700,800.0,100.0,189.0,0,780.0
1001816,50.0,15.0,189.0,0,933.0
546364,800.0,38.0,1718.0,0,2535.0
1299712,800.0,60.0,3360.0,0,414.0
989703,500.0,100.0,189.0,0,964.0
943922,0.0,34.0,3075.0,0,1145.0
912315,100.0,18.0,189.0,0,1390.0
1069779,500.0,40.0,3763.0,0,780.0
549019,350.0,70.0,613.0,0,2319.0
724869,700.0,20.0,2171.0,0,1510.0
959958,900.0,150.0,110.0,0,1145.0
1268970,800.0,26.0,2297.0,0,49.0
1125744,800.0,32.0,754.0,0,1510.0
1255910,600.0,36.0,2287.0,0,49.0
1155126,1000.0,36.0,749.0,0,414.0
470131,800.0,40.0,1362.0,0,2241.0
1250152,400.0,54.0,3670.0,0,414.0
1180676,700.0,30.0,4151.0,0,2241.0
702922,800.0,67.0,722.0,0,1510.0
545714,300.0,70.0,612.0,0,2535.0
1180943,920.0,30.0,4151.0,0,2241.0
738326,0.0,70.0,458.0,0,1390.0
402191,900.0,200.0,613.0,0,2389.0
480292,750.0,150.0,601.0,0,2241.0
998592,800.0,100.0,189.0,0,964.0
1249631,850.0,36.0,3670.0,0,414.0
1102709,400.0,20.0,287.0,0,780.0
403437,800.0,100.0,613.0,0,2389.0
1272057,900.0,51.0,2296.0,0,49.0
997899,600.0,25.0,189.0,0,964.0
959722,800.0,150.0,23.0,0,1145.0
688631,300.0,29.0,286.0,0,1663.0
1189401,200.0,35.0,4069.0,0,202.0
946367,15.0,40.0,3216.0,0,1145.0
328938,0.0,125.0,189.0,0,3366.0
1212747,500.0,30.5,1409.0,0,171.0
634030,800.0,0.0,189.0,0,1936.0
1079917,900.0,71.0,1799.0,0,567.0
1174148,800.0,32.1,3252.0,0,780.0
455172,350.0,19.0,2006.0,0,1540.0
865943,850.0,28.0,2781.0,0,1510.0
922830,800.0,70.0,100.0,0,1145.0
1077080,500.0,40.0,2065.0,0,841.0
1212057,600.0,21.0,3067.0,0,1145.0
563210,650.0,40.0,1758.0,0,2241.0
1264097,400.0,19.0,2292.0,0,49.0
479326,1000.0,70.0,550.0,0,2241.0
1244460,900.0,47.4,750.0,0,263.0
181741,900.0,150.0,124.0,0,2699.0
902623,850.0,100.0,189.0,0,1510.0
1082366,800.0,43.0,772.0,0,2606.0
1043059,800.0,28.0,749.0,0,2606.0
783253,850.0,37.0,758.0,0,1510.0
395943,600.0,125.0,599.0,0,2389.0
1072082,400.0,35.0,2065.0,0,780.0
549496,800.0,27.0,1717.0,0,2319.0
1223406,900.0,57.0,750.0,0,263.0
1018430,0.0,26.0,189.0,0,1694.0
1171949,0.0,,189.0,0,414.0
174436,800.0,70.0,66.0,0,2699.0
702919,800.0,67.0,722.0,0,1510.0
701472,700.0,57.0,722.0,0,1510.0
547096,800.0,41.0,1718.0,0,2535.0
1138424,900.0,45.0,4086.0,0,383.0
939498,0.0,27.0,358.0,0,1145.0
490216,600.0,35.0,611.0,0,2241.0
635393,500.0,70.0,462.0,0,1936.0
1118127,500.0,70.0,189.0,0,780.0
1019904,1200.0,150.0,3418.0,0,1114.0
1103707,850.0,90.0,3954.0,0,780.0
636122,0.0,100.0,66.0,0,1936.0
1291352,800.0,51.0,1362.0,0,49.0
1132036,800.0,30.0,3360.0,0,780.0
1159468,900.0,75.5,749.0,0,414.0
484629,700.0,30.0,613.0,0,2241.0
899312,1000.0,150.0,189.0,0,1510.0
1109678,900.0,100.0,3360.0,0,780.0
311466,0.0,70.0,261.0,0,3366.0
1268753,750.0,19.0,2297.0,0,49.0
395987,900.0,150.0,613.0,0,2389.0
724319,900.0,33.0,2168.0,0,1510.0
398106,550.0,100.0,613.0,0,2389.0
1187072,920.0,54.0,3670.0,0,414.0
1099283,850.0,28.0,750.0,0,1510.0
1170875,900.0,100.0,206.0,0,414.0
1195435,1000.0,89.0,2424.0,0,324.0
1181285,420.0,37.0,356.0,0,2241.0
1172642,800.0,46.3,3252.0,0,780.0
1015007,0.0,70.0,189.0,0,1025.0
1070830,0.0,30.0,189.0,0,4981.0
786320,800.0,27.0,754.0,0,1510.0
172949,900.0,100.0,53.0,0,2699.0
752218,600.0,50.0,2254.0,0,1510.0
397530,800.0,100.0,613.0,0,2389.0
1127548,0.0,76.7,1867.0,0,414.0
473702,550.0,100.0,7.0,0,2241.0
992239,800.0,100.0,189.0,0,964.0
618741,750.0,100.0,1298.0,0,1936.0
998630,800.0,100.0,189.0,0,964.0
914595,0.0,88.0,749.0,0,1510.0
1224917,800.0,29.0,750.0,0,263.0
137525,0.0,42.5,550.0,0,2887.0
853537,800.0,29.0,772.0,0,1510.0
546346,600.0,22.0,1718.0,0,2535.0
1245725,800.0,30.1,1051.0,0,263.0
1004123,1000.0,150.0,189.0,0,933.0
719311,200.0,70.0,601.0,0,1487.0
458942,800.0,100.0,1376.0,0,2241.0
1172716,900.0,61.8,3252.0,0,780.0
632272,350.0,40.0,769.0,0,1936.0
1150434,400.0,15.2,4106.0,0,414.0
1096597,950.0,31.0,1803.0,0,902.0
1181745,920.0,110.0,1384.0,0,1145.0
1224388,800.0,25.0,750.0,0,263.0
1182764,520.0,19.0,3670.0,0,414.0
914308,0.0,20.5,776.0,0,1510.0
1157888,0.0,20.5,776.0,0,414.0
1206953,0.0,150.0,2065.0,0,202.0
1213145,350.0,100.0,2065.0,0,414.0
692764,500.0,35.0,189.0,0,1510.0
1290646,900.0,68.0,1362.0,0,49.0
907828,750.0,100.0,930.0,0,1390.0
687810,0.0,39.5,550.0,0,1654.0
1269893,550.0,31.0,2107.0,0,49.0
1039725,0.0,150.0,189.0,0,720.0
1138404,800.0,45.0,4086.0,0,383.0
496942,600.0,28.0,1645.0,0,2820.0
1214241,650.0,100.0,2065.0,0,414.0
1095131,1000.0,47.0,1383.0,0,505.0
945701,0.0,21.0,3067.0,0,1145.0
1185620,820.0,21.0,3670.0,0,414.0
1042219,800.0,74.0,358.0,0,2820.0
1118402,450.0,100.0,189.0,0,780.0
942178,0.0,40.0,776.0,0,1145.0
1076438,800.0,25.0,3707.0,0,780.0
404258,800.0,100.0,550.0,0,2389.0
1049123,800.0,21.0,3678.0,0,2606.0
978906,450.0,40.0,189.0,0,1145.0
1174597,0.0,18.7,141.0,0,780.0
1018306,0.0,250.0,189.0,0,1694.0
587938,700.0,25.0,754.0,0,2210.0
743434,350.0,49.0,722.0,0,1373.0
544068,800.0,27.0,1718.0,0,2535.0
1065691,400.0,12.5,2165.0,0,780.0
488025,700.0,70.0,1612.0,0,2241.0
1026113,0.0,80.0,189.0,0,1145.0
1213252,350.0,100.0,2065.0,0,414.0
379676,350.0,70.0,612.0,0,2416.0
1035814,600.0,40.0,3649.0,0,780.0
161158,320.0,27.0,806.0,0,2711.0
916885,400.0,70.0,11.0,0,1145.0
1169821,900.0,100.0,19.0,0,414.0
989835,450.0,18.0,189.0,0,964.0
1171490,600.0,100.0,211.0,0,414.0
1213681,400.0,100.0,2065.0,0,414.0
1054716,800.0,21.0,1803.0,0,1510.0
1141917,700.0,20.0,2168.0,0,1510.0
160780,820.0,100.0,241.0,0,2711.0
892422,600.0,40.0,189.0,0,1390.0
640594,900.0,100.0,122.0,0,1936.0
1004573,900.0,150.0,189.0,0,933.0
488604,600.0,35.0,1612.0,0,2241.0
402630,800.0,100.0,613.0,0,2389.0
1281749,900.0,37.0,749.0,0,1145.0
892059,450.0,70.0,189.0,0,1359.0
960580,450.0,70.0,189.0,0,1145.0
668949,400.0,150.0,125.0,0,1875.0
1023080,900.0,42.0,1362.0,0,933.0
1179458,420.0,37.0,356.0,0,2241.0
911884,50.0,26.0,2770.0,0,1390.0
1280031,800.0,26.0,2297.0,0,49.0
1159876,1600.0,102.0,672.0,0,414.0
352393,0.0,125.0,181.0,0,3262.0
1198120,1000.0,71.0,2447.0,0,324.0
1267759,400.0,10.0,2292.0,0,49.0
1022806,900.0,26.5,1362.0,0,933.0
968570,750.0,27.0,2208.0,0,1145.0
710984,900.0,73.0,722.0,0,1510.0
961942,750.0,100.0,189.0,0,1145.0
948025,550.0,21.5,1813.0,0,1479.0
1170406,450.0,150.0,250.0,0,414.0
1027724,0.0,9.0,189.0,0,1145.0
411226,700.0,27.0,755.0,0,2299.0
1135334,700.0,20.0,4079.0,0,780.0
138220,0.0,47.0,550.0,0,2887.0
1192338,900.0,61.0,2443.0,0,324.0
1185985,920.0,53.0,3719.0,0,414.0
635020,0.0,27.0,752.0,0,1936.0
820034,0.0,27.0,1717.0,0,1510.0
1140682,1000.0,150.0,2065.0,0,536.0
754402,0.0,70.0,35.0,0,1510.0
459541,200.0,10.0,613.0,0,2241.0
1041222,0.0,50.0,189.0,0,720.0
1194797,1000.0,89.0,2424.0,0,324.0
352705,0.0,125.0,181.0,0,3262.0
951364,800.0,106.0,749.0,0,1479.0
547176,800.0,27.0,1718.0,0,2535.0
277933,0.0,70.0,189.0,0,3412.0
1070295,800.0,30.5,749.0,0,780.0
1102743,800.0,110.0,3954.0,0,780.0
1107158,700.0,50.0,3942.0,0,780.0
1065525,800.0,46.1,1051.0,0,780.0
1190085,1000.0,89.0,2424.0,0,324.0
868554,500.0,15.0,550.0,0,1510.0
409870,0.0,35.0,1383.0,0,2299.0
335379,0.0,0.0,189.0,0,3312.0
1105673,750.0,35.0,3361.0,0,780.0
1247917,900.0,27.0,3670.0,0,414.0
618448,700.0,100.0,1005.0,0,1936.0
937979,0.0,16.0,776.0,0,1145.0
1015180,0.0,70.0,189.0,0,1025.0
903882,900.0,100.0,189.0,0,1510.0
138225,0.0,47.0,550.0,0,2887.0
1130251,300.0,25.0,2065.0,0,414.0
577157,0.0,70.0,226.0,0,2101.0
1163054,0.0,90.0,551.0,0,414.0
865631,500.0,39.0,2788.0,0,1510.0
1116999,500.0,60.0,,0,659.0
395625,700.0,40.0,550.0,0,2389.0
673597,0.0,100.0,7.0,0,1875.0
324955,0.0,70.0,276.0,0,3366.0
737916,0.0,150.0,865.0,0,1390.0
576917,0.0,100.0,226.0,0,2101.0
617326,800.0,46.0,189.0,0,1936.0
1120320,400.0,70.0,189.0,0,780.0
1107383,800.0,35.0,3361.0,0,780.0
1138946,0.0,35.0,189.0,0,1773.0
894058,800.0,108.0,189.0,0,1390.0
1206578,0.0,150.0,2065.0,0,202.0
1138879,0.0,28.5,189.0,0,1773.0
1193507,900.0,49.0,2417.0,0,324.0
961159,900.0,57.0,1867.0,0,1145.0
1150267,700.0,125.0,2065.0,0,689.0
1031205,820.0,44.0,3368.0,0,964.0
907758,1250.0,150.0,712.0,0,1390.0
965798,700.0,98.0,2209.0,0,1145.0
1290389,900.0,29.0,1362.0,0,49.0
823207,980.0,102.0,2379.0,0,1329.0
1191072,900.0,71.0,2447.0,0,324.0
1099874,600.0,20.0,772.0,0,780.0
1142594,300.0,70.0,640.0,0,1510.0
550283,900.0,38.0,758.0,0,2821.0
633185,450.0,15.0,3715.0,0,1936.0
999631,800.0,95.0,189.0,0,933.0
1216879,600.0,30.0,2202.0,0,414.0
979112,700.0,33.0,1803.0,0,1145.0
317532,0.0,150.0,437.0,0,3366.0
1061572,700.0,78.0,2286.0,0,780.0
1294628,800.0,100.0,2065.0,0,24.0
1106713,900.0,40.0,3361.0,0,780.0
1133361,600.0,20.0,3360.0,0,780.0
924151,800.0,100.0,104.0,0,1145.0
1260461,800.0,37.0,1379.0,0,49.0
1021005,0.0,51.0,2270.0,0,1145.0
892377,600.0,100.0,189.0,0,1390.0
686335,0.0,15.5,2070.0,0,1654.0
990430,900.0,150.0,189.0,0,964.0
1251090,400.0,31.5,776.0,0,414.0
1224169,900.0,29.0,750.0,0,263.0
1222547,0.0,10.0,2065.0,0,263.0
1084569,0.0,10.0,2065.0,0,780.0
912657,0.0,6.0,2754.0,0,1390.0
322230,0.0,150.0,261.0,0,3366.0
917615,900.0,70.0,1278.0,0,1145.0
1073482,800.0,60.0,3707.0,0,780.0
1230008,800.0,33.8,750.0,0,414.0
1225685,900.0,35.0,750.0,0,263.0
481512,1000.0,50.0,613.0,0,2241.0
935744,0.0,16.0,776.0,0,1145.0
749426,700.0,41.0,1344.0,0,1510.0
988761,1000.0,250.0,189.0,0,964.0
185849,0.0,28.0,1317.0,0,2450.0
1257876,750.0,31.0,1379.0,0,49.0
1048784,930.0,65.0,2254.0,0,2606.0
668611,600.0,38.0,773.0,0,2078.0
412318,700.0,54.0,753.0,0,2299.0
1160868,0.0,47.0,550.0,0,414.0
638849,1200.0,100.0,189.0,0,1936.0
329040,0.0,110.0,261.0,0,3366.0
543823,800.0,41.0,1718.0,0,2535.0
900005,1000.0,100.0,189.0,0,1510.0
625482,700.0,37.0,1947.0,0,1936.0
156607,320.0,27.0,806.0,0,2711.0
1249038,450.0,40.0,2065.0,0,414.0
704523,450.0,67.0,722.0,0,1510.0
702740,400.0,75.0,722.0,0,1510.0
744308,800.0,22.0,1718.0,0,1510.0
1090127,800.0,30.0,3361.0,0,598.0
858355,900.0,100.0,189.0,0,1237.0
891918,650.0,125.0,189.0,0,1359.0
1039673,0.0,80.0,189.0,0,720.0
623777,0.0,19.0,750.0,0,1936.0
1169597,900.0,70.0,19.0,0,414.0
869066,0.0,5.0,189.0,0,1420.0
1169706,300.0,70.0,424.0,0,414.0
1273165,400.0,13.0,2292.0,0,49.0
701401,1250.0,84.0,722.0,0,1510.0
1259560,450.0,10.0,2292.0,0,49.0
1001865,0.0,35.0,189.0,0,933.0
1145911,500.0,20.0,225.0,0,414.0
706804,600.0,49.0,722.0,0,1510.0
379449,300.0,70.0,612.0,0,2416.0
479206,450.0,23.0,612.0,0,2241.0
316982,0.0,350.0,261.0,0,3366.0
924141,850.0,100.0,104.0,0,1145.0
1183969,820.0,46.0,3719.0,0,414.0
1149858,500.0,48.0,2065.0,0,689.0
1283215,400.0,12.0,1811.0,0,1145.0
1150576,800.0,19.0,750.0,0,414.0
1084895,1000.0,36.0,3670.0,0,780.0
870067,0.0,31.0,2270.0,0,1510.0
412119,700.0,37.0,755.0,0,2299.0
1259336,900.0,56.0,749.0,0,49.0
528679,550.0,70.0,189.0,0,2241.0
1035312,600.0,100.0,1611.0,0,780.0
317679,0.0,70.0,261.0,0,3366.0
1072546,400.0,13.0,3772.0,0,780.0
401884,800.0,30.0,613.0,0,2389.0
403239,700.0,30.0,613.0,0,2389.0
1155280,800.0,65.0,749.0,0,414.0
153347,1020.0,250.0,241.0,0,2711.0
503381,900.0,250.0,977.0,0,2241.0
1249036,950.0,62.0,3719.0,0,414.0
863411,700.0,28.0,2781.0,0,1510.0
1166770,0.0,47.0,550.0,0,414.0
737796,900.0,27.0,1718.0,0,1390.0
1198658,900.0,38.0,2415.0,0,324.0
316973,0.0,35.0,189.0,0,3366.0
1071270,0.0,100.0,189.0,0,4981.0
1256844,450.0,16.0,2107.0,0,49.0
1262833,800.0,35.0,1379.0,0,49.0
645382,400.0,29.0,771.0,0,1936.0
1006077,700.0,150.0,189.0,0,933.0
979290,1000.0,37.0,1803.0,0,1145.0
1243962,800.0,47.4,750.0,0,263.0
851028,1000.0,87.0,2209.0,0,1510.0
478161,750.0,100.0,1374.0,0,2241.0
892867,450.0,70.0,189.0,0,1390.0
672809,0.0,100.0,7.0,0,1875.0
847543,800.0,98.0,2208.0,0,1510.0
1246532,1100.0,27.8,1051.0,0,263.0
641997,1200.0,100.0,66.0,0,1936.0
868368,700.0,33.0,2788.0,0,1510.0
1254022,800.0,35.0,772.0,0,49.0
297066,700.0,100.0,144.0,0,3388.0
1297555,400.0,20.0,3930.0,0,24.0
395831,1050.0,70.0,550.0,0,2389.0
821435,0.0,27.0,1717.0,0,1510.0
475437,900.0,50.0,550.0,0,2241.0
1270157,550.0,19.0,2292.0,0,49.0
141990,0.0,58.0,550.0,0,2824.0
1274202,900.0,49.0,1379.0,0,49.0
1188081,920.0,27.0,3670.0,0,414.0
1301556,800.0,35.0,3360.0,0,414.0
1021042,0.0,98.0,1717.0,0,1145.0
1195579,1000.0,89.0,2424.0,0,324.0
280964,0.0,70.0,224.0,0,3412.0
475567,500.0,70.0,1377.0,0,2241.0
915111,0.0,28.0,749.0,0,1510.0
185767,0.0,28.0,1317.0,0,2450.0
725307,450.0,20.0,2177.0,0,1510.0
940702,0.0,34.5,3062.0,0,1145.0
1262899,800.0,58.0,749.0,0,49.0
618466,750.0,37.0,1317.0,0,1936.0
1173065,900.0,61.8,3252.0,0,780.0
1090676,400.0,25.0,2065.0,0,598.0
1284490,400.0,17.0,1745.0,0,1145.0
297167,1000.0,100.0,215.0,0,3388.0
1139187,0.0,60.0,189.0,0,2921.0
271363,0.0,0.0,189.0,0,3412.0
1107582,800.0,35.0,3361.0,0,780.0
1098835,500.0,20.0,2204.0,0,469.0
1132559,300.0,35.0,3930.0,0,780.0
1201819,800.0,25.0,2402.0,0,324.0
1029058,700.0,100.0,189.0,0,797.0
1181529,520.0,26.0,1803.0,0,1875.0
1004561,900.0,150.0,189.0,0,933.0
820940,0.0,27.0,1717.0,0,1510.0
853229,700.0,32.0,772.0,0,1510.0
412700,350.0,44.0,189.0,0,2299.0
992560,900.0,250.0,189.0,0,964.0
1223743,1300.0,60.0,750.0,0,263.0
167022,520.0,100.0,53.0,0,2711.0
471706,650.0,50.0,613.0,0,2241.0
489782,650.0,35.0,611.0,0,2241.0
864330,400.0,28.0,2781.0,0,1510.0
173490,300.0,70.0,40.0,0,2699.0
1163598,0.0,28.0,655.0,0,414.0
1108461,450.0,30.0,3942.0,0,780.0
1036142,0.0,30.0,3647.0,0,780.0
1031397,400.0,20.0,3619.0,0,964.0
1020376,600.0,39.0,3414.0,0,1114.0
1136769,0.0,125.0,2065.0,0,355.0
274027,0.0,0.0,1147.0,0,3412.0
402886,850.0,100.0,640.0,0,2389.0
691789,800.0,250.0,189.0,0,1510.0
1163110,0.0,90.0,551.0,0,414.0
1137376,0.0,100.0,2065.0,0,355.0
1020156,900.0,150.0,206.0,0,1114.0
1119463,500.0,70.0,189.0,0,780.0
1245172,850.0,75.0,440.0,0,263.0
271896,0.0,0.0,189.0,0,3412.0
1183138,0.0,21.0,3670.0,0,414.0
456265,300.0,18.0,612.0,0,2241.0
1148758,500.0,40.0,720.0,0,414.0
961749,400.0,70.0,189.0,0,1145.0
688349,0.0,31.5,776.0,0,1654.0
1278391,700.0,23.0,4683.0,0,49.0
140865,800.0,39.5,1867.0,0,2887.0
1198194,1000.0,110.0,2429.0,0,324.0
588477,400.0,30.0,1818.0,0,2210.0
726111,1.0,10.0,189.0,0,1510.0
478589,400.0,23.0,612.0,0,2241.0
402981,1000.0,5.0,601.0,0,2389.0
580377,0.0,35.0,189.0,0,2241.0
983477,800.0,52.0,3387.0,0,1145.0
626641,1200.0,250.0,189.0,0,1936.0
1064009,800.0,39.5,3723.0,0,780.0
1056957,450.0,35.0,3708.0,0,780.0
277517,0.0,70.0,189.0,0,3412.0
739388,0.0,100.0,1278.0,0,1390.0
1107402,450.0,40.0,3360.0,0,780.0
1140841,400.0,100.0,2065.0,0,536.0
1298921,350.0,20.0,2177.0,0,414.0
691826,800.0,40.0,189.0,0,1510.0
397655,800.0,30.0,613.0,0,2389.0
944481,0.0,21.0,3067.0,0,1145.0
1177785,800.0,25.0,2089.0,0,414.0
696423,450.0,50.0,189.0,0,1510.0
737224,800.0,41.0,1718.0,0,1390.0
950446,600.0,28.0,750.0,0,1479.0
1142052,800.0,20.0,2168.0,0,1510.0
182037,1000.0,100.0,2.0,0,2699.0
1029943,900.0,150.0,262.0,0,797.0
963167,800.0,106.0,605.0,0,1145.0
1148684,700.0,56.0,4036.0,0,414.0
463464,800.0,50.0,550.0,0,2241.0
1242806,500.0,19.1,1811.0,0,263.0
180834,900.0,100.0,53.0,0,2699.0
708756,500.0,75.0,722.0,0,1510.0
683374,0.0,70.0,601.0,0,1875.0
903121,1300.0,150.0,189.0,0,1510.0
890386,450.0,54.0,189.0,0,1359.0
406228,800.0,30.0,613.0,0,2389.0
168422,0.0,70.0,356.0,0,2711.0
1076391,800.0,25.0,3707.0,0,780.0
579694,0.0,150.0,613.0,0,2241.0
936217,0.0,35.0,358.0,0,1145.0
1177615,900.0,65.0,2089.0,0,414.0
1138086,700.0,100.0,2065.0,0,355.0
1035044,800.0,60.0,3633.0,0,780.0
1285347,800.0,98.0,358.0,0,1145.0
318124,0.0,110.0,1001.0,0,3366.0
163656,920.0,150.0,241.0,0,2711.0
1220112,850.0,30.0,2168.0,0,110.0
866479,500.0,17.0,1745.0,0,1510.0
405567,950.0,150.0,530.0,0,2389.0
379234,900.0,100.0,613.0,0,2416.0
1093032,700.0,41.0,754.0,0,1875.0
619019,450.0,22.5,776.0,0,1936.0
1285525,400.0,17.0,1745.0,0,1145.0
687122,0.0,119.0,2069.0,0,1654.0
1039546,0.0,50.0,189.0,0,720.0
297646,900.0,70.0,100.0,0,3388.0
1172573,900.0,61.8,3252.0,0,780.0
1232178,450.0,40.0,2177.0,0,414.0
645685,400.0,31.9,765.0,0,1936.0
1173824,800.0,82.4,3252.0,0,780.0
1102588,800.0,90.0,3954.0,0,780.0
1152318,500.0,25.0,4110.0,0,780.0
993653,1000.0,100.0,189.0,0,964.0
635192,0.0,150.0,551.0,0,1936.0
893929,350.0,24.0,189.0,0,1390.0
1173135,800.0,32.1,3252.0,0,780.0
1170590,700.0,100.0,206.0,0,414.0
1212183,350.0,22.0,287.0,0,3702.0
738761,0.0,100.0,8.0,0,1390.0
1296198,700.0,100.0,2065.0,0,24.0
1186637,920.0,53.0,3719.0,0,414.0
480363,500.0,30.0,612.0,0,2241.0
1097642,700.0,56.0,1947.0,0,659.0
786756,800.0,41.0,754.0,0,1510.0
995128,600.0,70.0,189.0,0,964.0
177649,800.0,100.0,8.0,0,2699.0
890517,800.0,100.0,189.0,0,1359.0
152966,520.0,100.0,53.0,0,2711.0
696820,400.0,100.0,189.0,0,1510.0
902767,350.0,24.0,189.0,0,1510.0
1109874,1200.0,40.0,3361.0,0,780.0
1056542,500.0,19.0,1748.0,0,780.0
1029984,900.0,150.0,8.0,0,797.0
916642,450.0,60.0,369.0,0,1145.0
474867,700.0,70.0,1364.0,0,2241.0
406029,800.0,100.0,613.0,0,2389.0
1259302,800.0,37.0,1379.0,0,49.0
474916,700.0,100.0,1364.0,0,2241.0
990953,1000.0,250.0,189.0,0,964.0
631936,700.0,43.0,772.0,0,1936.0
280843,0.0,70.0,1199.0,0,3412.0
1198312,2500.0,400.0,1252.0,0,324.0
580148,400.0,70.0,612.0,0,2241.0
1245587,400.0,24.1,765.0,0,263.0
471432,600.0,30.0,613.0,0,2241.0
1142045,800.0,65.1,2168.0,0,1510.0
1143322,500.0,70.0,189.0,0,535.0
544923,500.0,20.0,1744.0,0,2535.0
1026330,0.0,80.0,189.0,0,1145.0
723695,800.0,27.0,1718.0,0,1424.0
631623,0.0,70.0,189.0,0,1936.0
960865,0.0,250.0,189.0,0,1145.0
900678,600.0,95.0,189.0,0,1510.0
1218302,800.0,70.0,2065.0,0,414.0
986007,800.0,41.0,1803.0,0,1145.0
1188912,300.0,21.0,1944.0,0,202.0
1282705,800.0,53.0,749.0,0,1145.0
1172593,900.0,61.8,3252.0,0,780.0
1084383,550.0,29.0,3796.0,0,780.0
401067,800.0,70.0,640.0,0,2389.0
1095977,600.0,35.0,3896.0,0,889.0
1179511,920.0,50.0,4151.0,0,2241.0
490141,800.0,150.0,7.0,0,2241.0
481522,800.0,50.0,550.0,0,2241.0
177122,1200.0,150.0,563.0,0,2699.0
1142635,700.0,42.0,358.0,0,337.0
964885,900.0,71.0,2208.0,0,1145.0
968566,750.0,30.0,3361.0,0,1145.0
177633,1000.0,250.0,8.0,0,2699.0
712372,1000.0,57.0,722.0,0,1510.0
1026720,0.0,100.0,189.0,0,1145.0
744584,500.0,22.0,2203.0,0,1510.0
1276522,1500.0,114.0,672.0,0,49.0
878454,700.0,30.0,189.0,0,1145.0
1047004,620.0,35.0,3677.0,0,2606.0
1204666,900.0,30.0,2410.0,0,324.0
618784,750.0,100.0,1298.0,0,1936.0
655293,450.0,35.0,1745.0,0,1875.0
1002046,0.0,70.0,189.0,0,933.0
1264784,700.0,28.0,1379.0,0,49.0
552186,800.0,46.0,1726.0,0,2254.0
470715,600.0,150.0,7.0,0,2241.0
1161971,0.0,32.5,550.0,0,414.0
950384,600.0,28.0,750.0,0,1479.0
546810,800.0,41.0,1718.0,0,2535.0
914711,0.0,31.5,776.0,0,1510.0
498576,900.0,150.0,640.0,0,2241.0
634151,600.0,29.0,772.0,0,1936.0
1255329,400.0,10.0,1454.0,0,49.0
783297,800.0,28.0,758.0,0,1510.0
945164,0.0,29.0,122.0,0,1145.0
1018158,0.0,250.0,189.0,0,1694.0
688032,0.0,76.0,550.0,0,1654.0
1136663,0.0,100.0,2065.0,0,355.0
1286592,400.0,27.5,2810.0,0,353.0
1207574,750.0,150.0,2065.0,0,202.0
1058474,800.0,48.0,1803.0,0,1542.0
1021771,0.0,30.0,600.0,0,1145.0
1151532,1000.0,30.0,4108.0,0,780.0
280321,0.0,70.0,189.0,0,3412.0
1037588,400.0,14.0,1811.0,0,1510.0
951346,600.0,31.0,696.0,0,1479.0
744623,400.0,22.0,2203.0,0,1510.0
747686,700.0,70.0,189.0,0,1510.0
1159174,950.0,51.5,749.0,0,414.0
1082590,700.0,34.0,772.0,0,2606.0
1143636,600.0,125.0,189.0,0,535.0
1268657,800.0,41.0,1379.0,0,49.0
822578,980.0,150.0,100.0,0,1329.0
1274811,800.0,43.0,4683.0,0,49.0
1020958,0.0,31.0,2270.0,0,1145.0
696893,400.0,100.0,189.0,0,1510.0
412696,350.0,44.0,189.0,0,2299.0
878868,700.0,18.0,2816.0,0,1145.0
323922,0.0,150.0,144.0,0,3366.0
1033948,800.0,70.0,995.0,0,780.0
988539,0.0,54.0,753.0,0,1145.0
1131170,700.0,70.0,2065.0,0,414.0
480346,500.0,30.0,599.0,0,2241.0
335802,0.0,0.0,189.0,0,3312.0
742402,800.0,65.0,1051.0,0,1374.0
1250352,900.0,54.0,3670.0,0,414.0
1292161,800.0,36.5,1362.0,0,49.0
1272597,700.0,51.0,2296.0,0,49.0
1283840,700.0,63.0,358.0,0,1145.0
1044245,360.0,35.0,3677.0,0,2606.0
890497,450.0,54.0,189.0,0,1359.0
1302080,700.0,72.0,749.0,0,1510.0
1195846,1000.0,89.0,2424.0,0,324.0
1186169,820.0,27.0,3670.0,0,414.0
670248,550.0,33.0,2844.0,0,1875.0
1104773,500.0,20.0,2177.0,0,780.0
936027,0.0,27.0,358.0,0,1145.0
689169,300.0,16.0,1813.0,0,1875.0
1297254,400.0,100.0,2065.0,0,24.0
1204521,0.0,62.0,2426.0,0,324.0
1029197,500.0,100.0,189.0,0,797.0
167042,30.0,14.0,189.0,0,2711.0
1288968,700.0,25.0,1362.0,0,49.0
1022113,550.0,90.0,3441.0,0,1145.0
845294,900.0,31.0,1631.0,0,1510.0
997741,800.0,100.0,189.0,0,964.0
1114491,500.0,25.0,3930.0,0,780.0
502905,800.0,100.0,262.0,0,2241.0
1228589,400.0,56.5,4396.0,0,414.0
403613,2000.0,800.0,601.0,0,2389.0
1297880,800.0,73.0,605.0,0,16.0
483514,400.0,70.0,201.0,0,2241.0
409965,0.0,52.0,1383.0,0,2299.0
141915,0.0,58.0,550.0,0,2824.0
970645,40.0,0.0,189.0,0,1145.0
914038,0.0,253.0,657.0,0,1510.0
1164592,0.0,32.5,550.0,0,414.0
902448,1000.0,150.0,189.0,0,1510.0
1065572,800.0,30.9,1051.0,0,780.0
1035468,1000.0,90.0,78.0,0,780.0
1192568,800.0,38.0,2415.0,0,324.0
407588,500.0,29.0,749.0,0,2299.0
137034,0.0,42.5,550.0,0,2887.0
966747,800.0,42.0,2208.0,0,1145.0
495388,500.0,12.0,1.0,0,2820.0
457775,500.0,30.0,1619.0,0,2241.0
1140888,900.0,125.0,2065.0,0,536.0
938788,0.0,16.0,776.0,0,1145.0
186075,500.0,52.0,694.0,0,2494.0
1024074,900.0,30.0,1362.0,0,933.0
1196903,900.0,49.0,2417.0,0,324.0
140125,800.0,58.0,1867.0,0,2887.0
1067287,500.0,30.0,,0,636.0
1072955,600.0,30.0,3707.0,0,780.0
1147449,800.0,35.0,4096.0,0,414.0
1150159,700.0,70.0,2065.0,0,689.0
1259108,800.0,31.0,2297.0,0,49.0
1120909,400.0,70.0,287.0,0,780.0
1221912,900.0,54.0,4357.0,0,324.0
689122,800.0,150.0,100.0,0,1663.0
691951,400.0,70.0,189.0,0,1510.0
1054405,720.0,21.0,1803.0,0,1510.0
1171307,400.0,100.0,215.0,0,414.0
998993,900.0,100.0,189.0,0,964.0
856680,800.0,100.0,189.0,0,1237.0
547285,400.0,21.0,1748.0,0,2535.0
1097077,600.0,35.0,3901.0,0,598.0
545747,500.0,100.0,613.0,0,2535.0
1266252,900.0,41.0,1317.0,0,49.0
1169109,320.0,70.0,195.0,0,414.0
1292817,900.0,35.0,1334.0,0,49.0
992184,800.0,100.0,189.0,0,964.0
1287138,600.0,26.0,2154.0,0,49.0
1044860,800.0,37.0,1941.0,0,2606.0
824878,0.0,47.0,1718.0,0,1510.0
932195,0.0,100.0,189.0,0,1059.0
649610,500.0,70.0,211.0,0,1936.0
184876,500.0,58.0,1308.0,0,2564.0
625896,700.0,73.0,356.0,0,1936.0
1210747,800.0,28.0,3670.0,0,324.0
1005311,800.0,150.0,189.0,0,933.0
1123936,0.0,16.0,4019.0,0,475.0
481595,400.0,100.0,1377.0,0,2241.0
914940,0.0,53.0,749.0,0,1510.0
754951,0.0,100.0,241.0,0,1510.0
178073,900.0,70.0,2058.0,0,2669.0
412500,700.0,27.0,755.0,0,2299.0
1071636,0.0,100.0,189.0,0,4981.0
1044463,930.0,37.0,1941.0,0,2606.0
651583,1100.0,25.0,754.0,0,1936.0
890887,800.0,100.0,189.0,0,1359.0
497019,600.0,28.0,1645.0,0,2820.0
297100,1000.0,100.0,100.0,0,3388.0
893769,800.0,125.0,189.0,0,1390.0
1286150,0.0,35.0,189.0,0,141.0
745196,800.0,25.0,2201.0,0,1510.0
462373,500.0,20.0,1193.0,0,2241.0
853244,700.0,32.0,772.0,0,1510.0
180059,900.0,100.0,8.0,0,2699.0
1142264,800.0,25.0,2168.0,0,1510.0
1262130,800.0,76.0,1867.0,0,49.0
739046,0.0,100.0,8.0,0,1390.0
915961,0.0,41.0,749.0,0,1510.0
1285943,0.0,40.5,2358.0,0,4067.0
170614,0.0,50.0,859.0,0,2711.0
746466,800.0,42.0,2208.0,0,1510.0
1060819,1100.0,39.5,3723.0,0,780.0
740595,800.0,52.0,722.0,0,1378.0
820579,0.0,27.0,1717.0,0,1510.0
699123,0.0,58.0,122.0,0,1500.0
1071639,0.0,70.0,189.0,0,4981.0
692900,30.0,13.5,189.0,0,1510.0
1203311,1000.0,89.0,2424.0,0,324.0
860933,0.0,64.2,92.0,0,1420.0
1001995,450.0,100.0,189.0,0,933.0
1173416,900.0,61.8,3252.0,0,780.0
176989,900.0,70.0,592.0,0,2699.0
1302910,350.0,17.0,613.0,0,1510.0
947377,400.0,18.0,2128.0,0,1479.0
1121940,600.0,70.0,2065.0,0,414.0
644638,0.0,40.0,775.0,0,1936.0
171951,520.0,45.0,825.0,0,2711.0
1118773,800.0,100.0,2.0,0,780.0
697938,650.0,100.0,189.0,0,1510.0
744115,350.0,15.0,2195.0,0,1510.0
1040921,0.0,40.0,189.0,0,720.0
458285,450.0,30.0,1619.0,0,2241.0
1282228,900.0,37.0,749.0,0,1145.0
1159054,500.0,27.0,749.0,0,414.0
163085,1020.0,250.0,241.0,0,2711.0
892502,400.0,27.0,189.0,0,1390.0
176456,900.0,100.0,461.0,0,2699.0
377997,800.0,100.0,613.0,0,2416.0
1215486,300.0,15.0,2096.0,0,414.0
866122,700.0,28.0,1278.0,0,1510.0
691734,900.0,100.0,189.0,0,1510.0
1183981,800.0,46.0,3719.0,0,414.0
868613,400.0,15.0,550.0,0,1510.0
351914,400.0,70.0,189.0,0,3262.0
352678,700.0,100.0,83.0,0,3262.0
1142166,800.0,40.0,2168.0,0,1510.0
1101145,800.0,26.8,750.0,0,780.0
1161514,0.0,41.5,550.0,0,414.0
859320,400.0,50.0,189.0,0,1237.0
489280,550.0,70.0,1612.0,0,2241.0
1205603,350.0,15.0,640.0,0,1145.0
136352,0.0,61.0,550.0,0,2887.0
710204,600.0,57.0,722.0,0,1510.0
1205832,920.0,67.0,3719.0,0,414.0
1115730,0.0,70.0,122.0,0,414.0
1185097,400.0,25.0,830.0,0,414.0
136336,0.0,61.0,550.0,0,2887.0
739674,0.0,41.0,1718.0,0,1390.0
843558,800.0,150.0,1279.0,0,1281.0
865985,700.0,39.0,2788.0,0,1510.0
706242,950.0,67.0,722.0,0,1510.0
295973,900.0,100.0,100.0,0,3388.0
1027307,0.0,40.9,1362.0,0,1145.0
1273885,500.0,16.0,2107.0,0,49.0
467053,900.0,50.0,550.0,0,2241.0
1260409,800.0,26.0,2297.0,0,49.0
1187858,820.0,21.0,3670.0,0,414.0
1156778,800.0,36.0,749.0,0,414.0
469993,1000.0,250.0,1371.0,0,2241.0
1230647,550.0,20.0,2177.0,0,414.0
1276937,400.0,15.0,4700.0,0,49.0
907229,450.0,70.0,111.0,0,1390.0
1262198,700.0,45.0,426.0,0,49.0
1035724,600.0,80.0,3636.0,0,780.0
1140333,50.0,15.0,2065.0,0,536.0
1152272,500.0,25.0,4110.0,0,780.0
1155662,1000.0,39.5,672.0,0,414.0
627834,1200.0,100.0,189.0,0,1936.0
1143502,300.0,70.0,189.0,0,535.0
1158391,0.0,60.0,676.0,0,414.0
904251,1000.0,100.0,189.0,0,1510.0
315568,0.0,150.0,261.0,0,3366.0
486710,800.0,100.0,100.0,0,2241.0
137446,0.0,42.5,550.0,0,2887.0
1282161,600.0,28.0,749.0,0,1145.0
638209,1200.0,30.0,754.0,0,1936.0
937156,0.0,48.0,358.0,0,1145.0
1035654,300.0,70.0,189.0,0,780.0
933577,0.0,41.0,1803.0,0,2241.0
1203246,1000.0,34.0,2406.0,0,324.0
1171628,900.0,100.0,19.0,0,414.0
471556,800.0,150.0,1371.0,0,2241.0
626025,800.0,32.0,755.0,0,1936.0
1276106,700.0,21.0,2287.0,0,49.0
933496,0.0,30.0,1803.0,0,2241.0
1179235,920.0,30.0,4151.0,0,2241.0
1099252,850.0,37.0,750.0,0,1510.0
307785,0.0,100.0,261.0,0,3366.0
1127348,0.0,70.0,8.0,0,414.0
1184580,920.0,95.0,3719.0,0,414.0
996147,800.0,100.0,189.0,0,964.0
278588,800.0,43.0,2825.0,0,1086.0
1015037,0.0,70.0,189.0,0,1025.0
406272,800.0,100.0,613.0,0,2389.0
620804,0.0,100.0,118.0,0,1936.0
469101,1200.0,72.0,1336.0,0,2241.0
634225,800.0,22.0,772.0,0,1936.0
706664,800.0,73.0,722.0,0,1510.0
1023060,400.0,25.0,2165.0,0,933.0
1180192,320.0,32.0,807.0,0,2241.0
1145352,900.0,60.0,4096.0,0,414.0
743241,600.0,50.0,722.0,0,1374.0
860221,300.0,18.0,189.0,0,1237.0
966693,600.0,29.0,3355.0,0,1145.0
692232,500.0,100.0,189.0,0,1510.0
586374,700.0,37.0,1317.0,0,1933.0
1151287,900.0,25.0,2168.0,0,780.0
1046606,800.0,37.0,1941.0,0,2606.0
857875,850.0,100.0,189.0,0,1237.0
990695,1000.0,250.0,189.0,0,964.0
674118,0.0,28.0,749.0,0,1875.0
820056,0.0,63.0,1717.0,0,1510.0
1289581,0.0,7.5,2143.0,0,49.0
412753,550.0,29.0,1405.0,0,2299.0
1097368,450.0,23.0,3906.0,0,659.0
460622,700.0,100.0,1364.0,0,2241.0
709267,500.0,40.5,776.0,0,1510.0
1173615,900.0,51.6,3252.0,0,780.0
993722,900.0,250.0,189.0,0,964.0
1247485,400.0,26.2,765.0,0,263.0
158084,820.0,150.0,53.0,0,2711.0
1186018,820.0,41.0,3670.0,0,414.0
1106731,1000.0,95.0,3360.0,0,780.0
724010,500.0,20.0,2171.0,0,1510.0
1270435,800.0,31.0,2297.0,0,49.0
868315,300.0,31.0,2787.0,0,1510.0
476944,2400.0,308.0,601.0,0,2241.0
1125924,800.0,150.0,8.0,0,1510.0
1163666,0.0,61.0,550.0,0,414.0
1250095,800.0,41.0,3670.0,0,414.0
901894,750.0,100.0,189.0,0,1510.0
1268930,800.0,23.0,2297.0,0,49.0
1156502,1000.0,68.1,2039.0,0,414.0
1188577,1000.0,,2065.0,0,202.0
376207,0.0,0.0,189.0,0,2548.0
1265523,500.0,18.0,425.0,0,49.0
1084668,550.0,19.0,3796.0,0,780.0
1300649,800.0,25.0,3360.0,0,414.0
530957,450.0,100.0,189.0,0,2241.0
1231154,400.0,36.0,1813.0,0,414.0
877516,700.0,32.0,2816.0,0,1145.0
997523,800.0,100.0,189.0,0,964.0
179903,1100.0,250.0,68.0,0,2699.0
1124842,800.0,32.0,754.0,0,1510.0
475852,500.0,100.0,1377.0,0,2241.0
1004420,800.0,150.0,189.0,0,933.0
1270268,800.0,21.0,1379.0,0,49.0
503259,800.0,100.0,262.0,0,2241.0
952007,1000.0,44.0,1867.0,0,1479.0
1182332,800.0,53.0,3796.0,0,414.0
1042279,500.0,35.0,807.0,0,2820.0
910067,450.0,100.0,2822.0,0,1390.0
686809,0.0,31.0,2069.0,0,1654.0
924661,250.0,70.0,189.0,0,1145.0
1143584,700.0,125.0,189.0,0,535.0
859666,400.0,70.0,189.0,0,1237.0
1215952,600.0,30.0,2201.0,0,414.0
544957,400.0,20.0,1745.0,0,2535.0
1297124,600.0,36.0,3954.0,0,24.0
488497,450.0,70.0,68.0,0,2241.0
1063573,650.0,20.5,3723.0,0,780.0
1191943,900.0,34.0,2406.0,0,324.0
1255124,800.0,28.0,2287.0,0,49.0
474981,500.0,50.0,613.0,0,2241.0
397604,500.0,20.0,613.0,0,2389.0
698599,100.0,58.0,189.0,0,1510.0
692383,450.0,45.0,189.0,0,1510.0
1272246,800.0,26.0,1379.0,0,49.0
327389,0.0,70.0,261.0,0,3366.0
961760,900.0,250.0,23.0,0,1145.0
158424,320.0,27.0,806.0,0,2711.0
994742,1000.0,250.0,189.0,0,964.0
176844,300.0,36.0,560.0,0,2699.0
1200720,580.0,70.0,1152.0,0,324.0
1085711,1100.0,80.0,358.0,0,780.0
915648,0.0,20.5,776.0,0,1510.0
1107760,800.0,35.0,3361.0,0,780.0
1064372,900.0,49.0,3723.0,0,780.0
1097512,500.0,54.8,1317.0,0,659.0
651322,0.0,150.0,189.0,0,1936.0
950779,800.0,28.0,750.0,0,1479.0
1171279,500.0,70.0,195.0,0,414.0
1275097,1400.0,75.0,1584.0,0,49.0
620278,0.0,100.0,118.0,0,1936.0
456842,550.0,30.0,1619.0,0,2241.0
654305,900.0,58.0,2002.0,0,1875.0
275000,0.0,100.0,189.0,0,3412.0
1057113,600.0,20.0,2289.0,0,780.0
870878,0.0,41.0,754.0,0,1875.0
639004,450.0,40.0,769.0,0,1936.0
820666,0.0,26.0,2376.0,0,1510.0
1270673,800.0,27.0,1379.0,0,49.0
487988,700.0,70.0,1612.0,0,2241.0
1020430,400.0,12.0,2022.0,0,1145.0
164237,0.0,55.0,311.0,0,2711.0
970202,450.0,20.0,189.0,0,1145.0
1225454,500.0,18.0,1811.0,0,263.0
1296442,850.0,150.0,2065.0,0,24.0
1182958,920.0,54.0,3670.0,0,414.0
924087,700.0,70.0,1278.0,0,1145.0
702409,650.0,72.0,1051.0,0,1510.0
496953,600.0,28.0,1645.0,0,2820.0
631462,0.0,31.5,655.0,0,1936.0
1158000,0.0,41.0,749.0,0,414.0
943769,0.0,35.0,358.0,0,1145.0
474389,900.0,57.0,550.0,0,2204.0
479549,800.0,100.0,37.0,0,2241.0
181986,400.0,70.0,347.0,0,2699.0
1082668,600.0,34.0,772.0,0,2606.0
915450,0.0,28.0,749.0,0,1510.0
875652,1000.0,28.0,1278.0,0,1176.0
170337,0.0,38.0,756.0,0,2711.0
409304,0.0,100.0,1404.0,0,2299.0
1219341,850.0,20.0,2168.0,0,110.0
1146003,400.0,15.0,2177.0,0,414.0
859518,350.0,70.0,189.0,0,1237.0
475466,750.0,100.0,100.0,0,2241.0
1127448,0.0,70.0,7.0,0,414.0
908669,800.0,70.0,8.0,0,1390.0
1166788,0.0,47.0,550.0,0,414.0
1202464,900.0,34.0,2406.0,0,324.0
1181594,300.0,24.0,4155.0,0,1145.0
927575,800.0,100.0,100.0,0,1145.0
1166815,0.0,100.0,189.0,0,414.0
784550,700.0,27.0,758.0,0,1510.0
1143857,700.0,125.0,189.0,0,535.0
941834,0.0,30.5,776.0,0,1145.0
725185,900.0,39.0,2168.0,0,1510.0
750397,800.0,26.0,2259.0,0,1510.0
963592,600.0,8.0,189.0,0,1145.0
690681,1000.0,250.0,189.0,0,1510.0
988736,700.0,28.0,1867.0,0,868.0
1017835,0.0,35.0,189.0,0,1694.0
1227661,0.0,39.0,672.0,0,414.0
859139,300.0,23.0,189.0,0,1237.0
1235309,700.0,51.5,749.0,0,1145.0
472497,600.0,70.0,1622.0,0,2241.0
1302323,800.0,68.0,660.0,0,1510.0
999901,500.0,100.0,189.0,0,933.0
984480,400.0,35.0,1745.0,0,1145.0
859521,350.0,70.0,189.0,0,1237.0
922724,900.0,100.0,1278.0,0,1145.0
693684,400.0,70.0,189.0,0,1510.0
565255,0.0,100.0,1777.0,0,2101.0
934832,0.0,148.0,3060.0,0,1145.0
890774,850.0,100.0,189.0,0,1359.0
907918,950.0,100.0,8.0,0,1390.0
551713,400.0,30.0,599.0,0,2254.0
874409,500.0,15.0,2802.0,0,1176.0
1211312,850.0,36.0,3670.0,0,324.0
1256048,700.0,53.0,749.0,0,49.0
1140793,550.0,70.0,2065.0,0,536.0
1228115,800.0,52.3,750.0,0,414.0
1140210,900.0,150.0,2065.0,0,536.0
1179112,500.0,21.5,749.0,0,414.0
1176527,650.0,35.0,189.0,0,233.0
1105754,800.0,40.0,1074.0,0,780.0
919053,630.0,3.0,189.0,0,1145.0
744844,550.0,22.0,2203.0,0,1510.0
1155828,950.0,40.0,613.0,0,414.0
960790,700.0,100.0,110.0,0,1145.0
1192113,900.0,49.0,2417.0,0,324.0
478574,400.0,23.0,612.0,0,2241.0
750662,1100.0,37.0,2259.0,0,1510.0
1175688,650.0,34.5,3772.0,0,780.0
1246428,1000.0,66.1,1051.0,0,263.0
1021223,0.0,26.0,2270.0,0,1145.0
1287516,800.0,42.5,1362.0,0,49.0
378598,900.0,100.0,640.0,0,2416.0
1095818,700.0,35.0,3707.0,0,889.0
1157095,1200.0,88.0,749.0,0,414.0
846906,450.0,48.0,2533.0,0,1510.0
671024,920.0,56.0,2844.0,0,1875.0
1221096,800.0,80.0,2169.0,0,110.0
1228005,900.0,80.0,2065.0,0,414.0
1115386,0.0,100.0,122.0,0,414.0
1063218,800.0,41.0,1805.0,0,780.0
1105720,900.0,50.0,3360.0,0,780.0
157404,820.0,100.0,53.0,0,2711.0
1128687,0.0,70.0,8.0,0,414.0
1300822,950.0,80.0,3360.0,0,414.0
378572,800.0,100.0,613.0,0,2416.0
401669,800.0,50.0,613.0,0,2389.0
1217553,800.0,55.0,2168.0,0,414.0
620208,0.0,100.0,1074.0,0,1936.0
889963,400.0,60.0,189.0,0,1359.0
1251607,700.0,41.0,749.0,0,414.0
1083912,450.0,22.0,3783.0,0,2606.0
996112,1000.0,250.0,189.0,0,964.0
919889,400.0,10.0,2981.0,0,1145.0
1243326,700.0,21.5,225.0,0,263.0
1186468,0.0,29.0,54.0,0,414.0
550106,800.0,38.0,758.0,0,2821.0
630768,0.0,70.0,189.0,0,1936.0
628955,1200.0,250.0,66.0,0,1936.0
638947,0.0,47.0,755.0,0,1936.0
1109943,1000.0,90.0,3954.0,0,780.0
379910,800.0,100.0,613.0,0,2416.0
694147,450.0,70.0,189.0,0,1510.0
179511,1100.0,250.0,265.0,0,2699.0
1236429,300.0,40.5,1867.0,0,1510.0
1169070,600.0,100.0,66.0,0,414.0
183637,900.0,100.0,7.0,0,2699.0
1095393,600.0,35.0,3707.0,0,889.0
1042212,700.0,33.0,1803.0,0,2820.0
1175576,900.0,57.7,3252.0,0,780.0
1049188,0.0,37.0,1941.0,0,2606.0
985180,500.0,39.0,3387.0,0,1145.0
1288275,800.0,25.0,1362.0,0,49.0
1018792,0.0,150.0,189.0,0,1694.0
851100,800.0,38.0,2208.0,0,1510.0
470233,1000.0,50.0,613.0,0,2241.0
869567,0.0,41.0,1718.0,0,1420.0
1177989,900.0,30.0,2089.0,0,414.0
653503,400.0,20.0,887.0,0,1936.0
695517,450.0,70.0,189.0,0,1510.0
311926,0.0,150.0,3.0,0,3366.0
140870,1000.0,39.5,1867.0,0,2887.0
1141966,350.0,30.0,2096.0,0,1510.0
395893,800.0,50.0,550.0,0,2389.0
1261879,800.0,26.0,2297.0,0,49.0
970661,0.0,0.0,189.0,0,1145.0
139371,0.0,78.0,550.0,0,2887.0
548312,800.0,70.0,1717.0,0,2319.0
161166,820.0,56.0,754.0,0,2711.0
983310,400.0,39.0,1745.0,0,1145.0
1216578,750.0,60.0,2168.0,0,414.0
1150666,1000.0,103.0,550.0,0,414.0
1132197,50.0,10.0,3930.0,0,780.0
630521,1200.0,70.0,262.0,0,1936.0
162015,820.0,100.0,2.0,0,2711.0
967114,300.0,27.0,2202.0,0,1145.0
327680,0.0,70.0,261.0,0,3366.0
1282410,800.0,65.0,749.0,0,1145.0
638298,800.0,41.0,755.0,0,1936.0
646215,0.0,31.5,655.0,0,1936.0
1298591,1000.0,65.0,3360.0,0,414.0
1045940,800.0,37.0,1941.0,0,2606.0
1105156,800.0,90.0,3954.0,0,780.0
459966,800.0,50.0,550.0,0,2241.0
1270676,800.0,28.0,1379.0,0,49.0
1045212,930.0,37.0,1941.0,0,2606.0
998844,700.0,150.0,189.0,0,964.0
1077844,900.0,100.0,2065.0,0,841.0
458263,450.0,30.0,1619.0,0,2241.0
458934,800.0,100.0,1376.0,0,2241.0
822021,980.0,150.0,943.0,0,1329.0
1186227,820.0,28.0,3670.0,0,414.0
1062926,900.0,58.5,3723.0,0,780.0
1028185,900.0,100.0,121.0,0,797.0
635920,1200.0,250.0,66.0,0,1936.0
643754,900.0,58.0,751.0,0,1936.0
891481,800.0,60.0,189.0,0,1359.0
1103792,1400.0,120.0,2170.0,0,780.0
748164,500.0,5.0,2239.0,0,1510.0
892085,750.0,100.0,189.0,0,1359.0
738106,0.0,70.0,458.0,0,1390.0
1058031,400.0,24.0,1745.0,0,659.0
588033,800.0,25.0,754.0,0,2210.0
352274,0.0,125.0,181.0,0,3262.0
701880,750.0,52.0,722.0,0,1510.0
850296,700.0,100.0,189.0,0,1510.0
548352,800.0,42.0,1717.0,0,2319.0
853381,500.0,29.0,2611.0,0,1510.0
857979,800.0,70.0,189.0,0,1237.0
461196,800.0,40.0,1051.0,0,2241.0
274240,0.0,150.0,189.0,0,3412.0
689864,450.0,100.0,189.0,0,1510.0
1172577,700.0,46.3,3252.0,0,780.0
183829,350.0,21.0,1010.0,0,2564.0
466423,800.0,40.0,1362.0,0,2241.0
1160025,0.0,61.0,551.0,0,414.0
314198,0.0,150.0,437.0,0,3366.0
314567,0.0,20.0,189.0,0,3366.0
1071407,0.0,70.0,189.0,0,4981.0
734645,500.0,31.0,3226.0,0,1510.0
962537,800.0,38.0,774.0,0,1145.0
970581,800.0,0.0,189.0,0,1145.0
933565,0.0,41.0,1803.0,0,2241.0
1222206,800.0,60.0,1051.0,0,118.0
783244,850.0,37.0,758.0,0,1510.0
1262738,900.0,16.0,1867.0,0,49.0
1285480,900.0,21.0,1803.0,0,1145.0
955122,400.0,28.0,77.0,0,1479.0
456021,550.0,30.0,1619.0,0,2241.0
1172244,0.0,19.0,749.0,0,414.0
1085528,550.0,19.0,3796.0,0,780.0
1039449,0.0,40.0,189.0,0,720.0
1026666,0.0,100.0,189.0,0,1145.0
1265770,600.0,27.0,358.0,0,49.0
464025,650.0,30.0,774.0,0,2241.0
1020636,0.0,20.0,3442.0,0,1145.0
161480,820.0,38.0,358.0,0,2711.0
631009,420.0,24.0,624.0,0,1936.0
411158,800.0,37.0,755.0,0,2299.0
918155,600.0,45.0,2968.0,0,1145.0
710472,3000.0,412.0,690.0,0,1510.0
1208862,700.0,20.0,2089.0,0,780.0
1108153,0.0,10.0,3953.0,0,780.0
404086,900.0,50.0,550.0,0,2389.0
938435,0.0,21.0,776.0,0,1145.0
276256,0.0,150.0,886.0,0,3412.0
530515,900.0,100.0,189.0,0,2241.0
673609,0.0,100.0,7.0,0,1875.0
1034527,800.0,70.0,480.0,0,780.0
1212523,700.0,67.0,358.0,0,3702.0
396516,250.0,30.0,189.0,0,2389.0
480398,900.0,50.0,613.0,0,2241.0
1292563,800.0,22.0,1362.0,0,49.0
825361,400.0,16.0,776.0,0,1359.0
138051,0.0,47.0,550.0,0,2887.0
902358,500.0,100.0,189.0,0,1510.0
1218210,800.0,70.0,2202.0,0,414.0
460082,1100.0,50.0,613.0,0,2241.0
693431,900.0,100.0,189.0,0,1510.0
989430,700.0,100.0,189.0,0,964.0
1242545,450.0,19.1,1811.0,0,263.0
1207248,700.0,150.0,2065.0,0,202.0
750671,1100.0,37.0,2259.0,0,1510.0
376703,0.0,0.0,189.0,0,2548.0
741249,850.0,75.0,722.0,0,1378.0
476546,650.0,100.0,1364.0,0,2241.0
1302264,400.0,13.0,3898.0,0,1510.0
740324,900.0,73.0,722.0,0,1378.0
1293331,600.0,25.0,1362.0,0,49.0
576906,0.0,100.0,7.0,0,2101.0
164787,920.0,150.0,241.0,0,2711.0
1060481,850.0,58.5,3723.0,0,780.0
1003773,900.0,150.0,189.0,0,933.0
675530,500.0,14.0,1599.0,0,1875.0
1205514,600.0,23.0,355.0,0,1145.0
1074926,600.0,15.0,3707.0,0,780.0
702722,400.0,75.0,722.0,0,1510.0
481947,500.0,70.0,1377.0,0,2241.0
1298042,600.0,70.0,189.0,0,16.0
1199967,500.0,25.0,2402.0,0,324.0
1087081,800.0,100.0,2065.0,0,536.0
697085,350.0,32.0,189.0,0,1510.0
1054786,1100.0,53.0,3368.0,0,1510.0
963785,0.0,70.0,189.0,0,1114.0
1103483,750.0,50.0,3360.0,0,780.0
739698,0.0,27.0,1718.0,0,1390.0
1165524,0.0,54.5,550.0,0,414.0
1041079,0.0,50.0,189.0,0,720.0
820961,0.0,63.0,1717.0,0,1510.0
473768,700.0,100.0,7.0,0,2241.0
643234,800.0,36.0,758.0,0,1936.0
1176328,700.0,30.0,189.0,0,233.0
1167431,0.0,100.0,172.0,0,414.0
1154943,1100.0,76.0,2095.0,0,414.0
587132,900.0,37.0,1317.0,0,1933.0
874175,800.0,116.0,2803.0,0,1176.0
1032969,50.0,10.0,189.0,0,780.0
1151475,800.0,70.0,2168.0,0,780.0
993985,1000.0,250.0,189.0,0,964.0
962765,700.0,100.0,1278.0,0,1145.0
1242743,450.0,19.1,1811.0,0,263.0
1138023,1050.0,150.0,2065.0,0,355.0
1213246,350.0,100.0,2065.0,0,414.0
915670,0.0,22.5,776.0,0,1510.0
1261437,410.0,10.0,2292.0,0,49.0
933364,0.0,58.0,1803.0,0,2241.0
949439,450.0,21.0,1813.0,0,1479.0
1054231,750.0,30.0,1803.0,0,1510.0
1164951,0.0,103.0,550.0,0,414.0
997318,800.0,100.0,189.0,0,964.0
936309,0.0,22.0,122.0,0,1145.0
166560,820.0,100.0,241.0,0,2711.0
471643,800.0,150.0,1371.0,0,2241.0
460473,600.0,100.0,1364.0,0,2241.0
907438,550.0,70.0,1755.0,0,1390.0
1136239,0.0,125.0,2065.0,0,355.0
951225,600.0,31.0,696.0,0,1479.0
297466,900.0,100.0,215.0,0,3388.0
913534,820.0,83.0,1382.0,0,1875.0
917264,800.0,70.0,104.0,0,1145.0
1284182,400.0,17.0,1745.0,0,1145.0
173346,100.0,24.0,189.0,0,2699.0
695123,850.0,250.0,189.0,0,1510.0
1040979,0.0,100.0,189.0,0,720.0
920026,900.0,100.0,1278.0,0,1145.0
689063,0.0,43.0,286.0,0,1663.0
1203226,1000.0,61.0,2443.0,0,324.0
1081323,900.0,29.0,772.0,0,2606.0
1231877,800.0,53.0,1344.0,0,414.0
621029,900.0,150.0,189.0,0,2241.0
1147051,400.0,10.0,2177.0,0,414.0
909924,800.0,100.0,269.0,0,1390.0
1214351,550.0,100.0,2065.0,0,414.0
323662,0.0,250.0,261.0,0,3366.0
463569,800.0,40.0,550.0,0,2241.0
489577,600.0,35.0,611.0,0,2241.0
155166,320.0,45.0,825.0,0,2711.0
1201021,1000.0,126.0,2439.0,0,324.0
632868,1200.0,250.0,66.0,0,1936.0
909394,500.0,100.0,127.0,0,1390.0
1196060,0.0,100.0,1180.0,0,324.0
1007086,1000.0,100.0,189.0,0,933.0
1019590,800.0,39.0,3414.0,0,1114.0
914444,0.0,16.0,2890.0,0,1510.0
1081914,700.0,34.0,772.0,0,2606.0
459481,900.0,50.0,550.0,0,2241.0
307800,0.0,100.0,225.0,0,3366.0
171212,1220.0,150.0,241.0,0,2711.0
674061,0.0,50.0,189.0,0,1875.0
1089797,400.0,15.0,1538.0,0,598.0
1051543,800.0,37.0,1941.0,0,2606.0
982135,1000.0,128.0,358.0,0,1145.0
1001032,600.0,52.0,189.0,0,933.0
460953,800.0,50.0,1051.0,0,2241.0
991021,800.0,100.0,189.0,0,964.0
1060032,0.0,41.0,3670.0,0,689.0
318615,0.0,210.0,261.0,0,3366.0
1148091,900.0,55.0,2089.0,0,414.0
1277644,900.0,75.0,2896.0,0,49.0
1059384,800.0,27.0,3670.0,0,1055.0
1164438,0.0,78.0,550.0,0,414.0
670796,720.0,33.0,2844.0,0,1875.0
845189,900.0,65.0,1636.0,0,1510.0
1257801,400.0,31.0,2107.0,0,49.0
1166069,0.0,41.5,551.0,0,414.0
1262702,900.0,16.0,1867.0,0,49.0
1100363,700.0,42.0,3930.0,0,780.0
1289067,0.0,26.0,1811.0,0,49.0
711374,750.0,73.0,722.0,0,1510.0
672414,900.0,75.0,1286.0,0,1948.0
1114664,500.0,25.0,3930.0,0,780.0
734525,900.0,70.0,601.0,0,1510.0
994659,800.0,150.0,189.0,0,964.0
1271207,450.0,13.0,1344.0,0,49.0
487510,800.0,30.0,723.0,0,2241.0
955968,1200.0,250.0,2065.0,0,1206.0
713087,0.0,23.0,189.0,0,1510.0
1058197,820.0,33.0,1803.0,0,1542.0
707030,700.0,73.0,722.0,0,1510.0
1267246,750.0,41.0,1379.0,0,49.0
1155542,800.0,28.0,749.0,0,414.0
1206713,0.0,125.0,2065.0,0,202.0
920490,1100.0,250.0,124.0,0,1145.0
627401,1200.0,150.0,189.0,0,1936.0
843821,800.0,58.0,1867.0,0,1510.0
553469,400.0,20.0,599.0,0,2254.0
873319,400.0,30.0,425.0,0,1176.0
729020,1200.0,400.0,601.0,0,1510.0
987242,400.0,26.0,1745.0,0,1145.0
1289111,800.0,100.0,2115.0,0,49.0
1232873,600.0,48.0,750.0,0,414.0
1203432,900.0,110.0,2429.0,0,324.0
1091737,400.0,30.0,3879.0,0,598.0
870424,0.0,20.0,2795.0,0,1510.0
669511,800.0,41.0,1803.0,0,1875.0
876519,800.0,58.0,2816.0,0,1145.0
914689,0.0,16.0,2890.0,0,1510.0
645575,600.0,70.0,262.0,0,1936.0
1089744,700.0,35.0,1538.0,0,598.0
650238,1200.0,21.0,754.0,0,1936.0
702878,800.0,67.0,722.0,0,1510.0
1143295,500.0,70.0,189.0,0,535.0
183895,400.0,21.0,1010.0,0,2564.0
996518,0.0,35.0,189.0,0,964.0
1107313,900.0,50.0,3360.0,0,780.0
875949,0.0,55.0,189.0,0,2241.0
1109299,800.0,45.0,3954.0,0,780.0
139406,0.0,32.0,550.0,0,2887.0
871596,0.0,67.0,358.0,0,1875.0
964037,0.0,125.0,189.0,0,1114.0
400865,750.0,3.0,189.0,0,2389.0
1287917,800.0,20.5,1362.0,0,49.0
1177312,800.0,30.0,2089.0,0,414.0
1029346,450.0,100.0,189.0,0,797.0
1109978,800.0,50.0,3954.0,0,780.0
920774,400.0,70.0,189.0,0,1145.0
1025881,0.0,49.0,1362.0,0,1145.0
1171517,700.0,100.0,206.0,0,414.0
1273690,1400.0,75.0,1584.0,0,49.0
530546,0.0,3.0,189.0,0,2241.0
1247205,1000.0,55.9,1051.0,0,263.0
893551,850.0,58.0,189.0,0,1390.0
1236376,600.0,40.5,1867.0,0,1510.0
1275843,800.0,25.0,4683.0,0,49.0
460143,400.0,30.0,776.0,0,2241.0
1151330,900.0,25.0,2168.0,0,780.0
455616,550.0,30.0,1619.0,0,2241.0
1289570,800.0,27.5,59.0,0,49.0
1084022,300.0,43.0,355.0,0,535.0
1200885,0.0,39.0,4285.0,0,324.0
1021920,0.0,30.0,612.0,0,1145.0
1175497,800.0,46.3,3252.0,0,780.0
1043743,0.0,37.0,1941.0,0,2606.0
690368,750.0,41.0,189.0,0,1510.0
999959,400.0,70.0,189.0,0,933.0
746963,800.0,63.0,2208.0,0,1510.0
498303,800.0,100.0,640.0,0,2241.0
1039411,0.0,100.0,189.0,0,720.0
990410,500.0,20.0,189.0,0,964.0
1284726,700.0,36.0,358.0,0,1145.0
879061,500.0,21.0,2808.0,0,1145.0
936261,0.0,63.0,358.0,0,1145.0
755647,0.0,70.0,241.0,0,1510.0
1245484,800.0,36.2,1051.0,0,263.0
1147319,800.0,70.0,2089.0,0,414.0
934866,0.0,65.0,122.0,0,1145.0
503791,500.0,70.0,613.0,0,2241.0
1297554,500.0,20.0,2065.0,0,24.0
83114,800.0,42.0,758.0,0,1145.0
1118693,800.0,100.0,157.0,0,780.0
1072609,800.0,25.0,3715.0,0,780.0
1082956,600.0,34.0,772.0,0,2606.0
867618,600.0,28.0,1344.0,0,1510.0
171440,520.0,52.0,358.0,0,2711.0
912382,450.0,37.0,2751.0,0,1390.0
1149770,700.0,100.0,2065.0,0,689.0
1277794,0.0,41.0,747.0,0,49.0
462500,700.0,40.0,774.0,0,2241.0
950821,800.0,41.0,750.0,0,1479.0
175381,800.0,70.0,66.0,0,2699.0
983914,1200.0,128.0,358.0,0,1145.0
876873,800.0,32.0,2816.0,0,1145.0
159522,820.0,56.0,358.0,0,2711.0
1246642,900.0,27.8,1051.0,0,263.0
1029729,800.0,100.0,7.0,0,797.0
1002209,600.0,150.0,189.0,0,933.0
859824,700.0,70.0,189.0,0,1237.0
546140,800.0,32.0,1718.0,0,2535.0
1196509,900.0,49.0,2417.0,0,324.0
710004,800.0,75.0,722.0,0,1510.0
649458,1000.0,100.0,531.0,0,1936.0
1061380,800.0,58.5,3723.0,0,780.0
489314,650.0,35.0,1612.0,0,2241.0
1104437,800.0,35.0,3361.0,0,780.0
460292,700.0,100.0,611.0,0,2241.0
1096309,700.0,35.0,1383.0,0,493.0
1292612,800.0,25.0,1362.0,0,49.0
694027,450.0,70.0,189.0,0,1510.0
891614,400.0,36.0,189.0,0,1359.0
739161,0.0,70.0,458.0,0,1390.0
746136,700.0,32.0,1718.0,0,1510.0
577851,0.0,100.0,226.0,0,2101.0
746276,800.0,38.0,1718.0,0,1510.0
1276985,400.0,20.0,4700.0,0,49.0
936323,0.0,27.0,358.0,0,1145.0
472479,800.0,30.0,613.0,0,2241.0
141129,0.0,58.0,550.0,0,2824.0
651767,1200.0,25.0,754.0,0,1936.0
1106037,900.0,50.0,3942.0,0,780.0
1278190,700.0,25.0,4683.0,0,49.0
1274599,700.0,9.0,1344.0,0,49.0
489885,600.0,35.0,611.0,0,2241.0
890143,350.0,36.0,189.0,0,1359.0
1122110,550.0,100.0,2065.0,0,414.0
847342,800.0,54.0,1718.0,0,1510.0
1045708,550.0,35.0,3677.0,0,2606.0
876988,800.0,18.0,2816.0,0,1145.0
1299679,600.0,15.0,3360.0,0,414.0
629949,1200.0,100.0,189.0,0,1936.0
273938,0.0,150.0,189.0,0,3412.0
136753,0.0,32.5,550.0,0,2887.0
967929,700.0,56.0,2208.0,0,1145.0
310031,0.0,79.0,124.0,0,3366.0
675106,0.0,58.0,189.0,0,1875.0
901061,950.0,150.0,189.0,0,1510.0
1204569,0.0,40.0,2478.0,0,324.0
901446,900.0,150.0,189.0,0,1510.0
548867,900.0,27.0,1717.0,0,2319.0
1151166,900.0,25.0,2168.0,0,780.0
1073217,600.0,15.0,3707.0,0,780.0
848846,400.0,22.0,2195.0,0,1510.0
991306,800.0,125.0,189.0,0,964.0
824877,0.0,47.0,1718.0,0,1510.0
499046,900.0,150.0,640.0,0,2241.0
1228359,500.0,40.0,189.0,0,414.0
999989,400.0,70.0,189.0,0,933.0
860509,700.0,51.0,2679.0,0,1237.0
1247009,450.0,22.5,1051.0,0,263.0
686621,0.0,34.0,2069.0,0,1654.0
151942,0.0,3.0,838.0,0,2711.0
920625,400.0,39.0,2980.0,0,1145.0
278331,0.0,100.0,1241.0,0,3412.0
860070,900.0,70.0,189.0,0,1237.0
1131213,600.0,70.0,2065.0,0,414.0
1269232,800.0,16.0,2297.0,0,49.0
410671,0.0,52.0,1383.0,0,2299.0
1169167,320.0,70.0,195.0,0,414.0
1250327,900.0,36.0,3670.0,0,414.0
821831,900.0,54.0,2379.0,0,1329.0
1297263,400.0,100.0,2065.0,0,24.0
411535,130.0,6.0,189.0,0,2299.0
1069215,1100.0,52.0,749.0,0,780.0
1265111,800.0,41.0,2297.0,0,49.0
402875,750.0,150.0,601.0,0,2389.0
1217198,700.0,35.0,2201.0,0,414.0
1169550,900.0,100.0,19.0,0,414.0
1155773,800.0,40.0,613.0,0,414.0
628726,900.0,40.0,758.0,0,1936.0
467203,850.0,50.0,550.0,0,2241.0
481023,800.0,50.0,613.0,0,2241.0
652487,0.0,36.0,189.0,0,1936.0
1095714,700.0,25.0,3707.0,0,889.0
470504,450.0,70.0,599.0,0,2241.0
1296985,300.0,70.0,2065.0,0,24.0
550523,700.0,26.0,59.0,0,2821.0
900455,350.0,36.0,189.0,0,1510.0
1185079,920.0,28.0,3670.0,0,414.0
1261861,800.0,45.0,2296.0,0,49.0
625463,700.0,21.0,1947.0,0,1936.0
1163735,0.0,21.5,655.0,0,414.0
1101504,350.0,26.0,3940.0,0,780.0
966054,1000.0,48.0,2208.0,0,1145.0
721196,0.0,43.0,1941.0,0,1444.0
873434,800.0,52.0,2803.0,0,1176.0
1080860,700.0,29.0,772.0,0,2606.0
992203,800.0,100.0,189.0,0,964.0
673395,0.0,100.0,8.0,0,1875.0
617546,500.0,70.0,189.0,0,1936.0
1178530,350.0,15.0,189.0,0,414.0
1185949,820.0,27.0,3670.0,0,414.0
1187030,820.0,27.0,3670.0,0,414.0
951528,400.0,25.0,750.0,0,1479.0
644200,750.0,32.0,755.0,0,1936.0
173413,900.0,70.0,66.0,0,2699.0
963372,8.0,100.0,1278.0,0,1145.0
1266348,800.0,19.0,1379.0,0,49.0
1182027,500.0,69.0,356.0,0,1145.0
706154,800.0,57.0,722.0,0,1510.0
544669,800.0,100.0,613.0,0,2535.0
1100626,0.0,5.0,2065.0,0,780.0
1028645,750.0,100.0,121.0,0,797.0
461082,900.0,50.0,550.0,0,2241.0
698748,100.0,30.0,189.0,0,1510.0
620895,8.0,46.0,440.0,0,1936.0
969631,250.0,70.0,189.0,0,1145.0
924758,400.0,70.0,11.0,0,1145.0
274080,0.0,0.0,1147.0,0,3412.0
857765,500.0,100.0,189.0,0,1237.0
996547,500.0,70.0,189.0,0,964.0
379495,900.0,100.0,613.0,0,2416.0
1144142,700.0,125.0,189.0,0,535.0
470537,800.0,100.0,1364.0,0,2241.0
1029486,400.0,35.0,11.0,0,797.0
1191312,600.0,70.0,1237.0,0,324.0
326345,0.0,110.0,261.0,0,3366.0
746355,900.0,38.0,1718.0,0,1510.0
940750,0.0,5.0,122.0,0,1145.0
139011,0.0,47.0,550.0,0,2887.0
1249239,800.0,54.0,3670.0,0,414.0
1196247,1000.0,116.0,2435.0,0,324.0
1070331,800.0,21.5,749.0,0,780.0
1047807,930.0,52.0,1941.0,0,2606.0
1140337,50.0,15.0,2065.0,0,536.0
1285671,800.0,68.0,1610.0,0,58.0
1120015,900.0,50.0,3973.0,0,780.0
461249,800.0,50.0,550.0,0,2241.0
456473,400.0,30.0,1619.0,0,2241.0
645152,500.0,150.0,189.0,0,1936.0
690328,0.0,250.0,189.0,0,1510.0
1215469,400.0,35.0,2202.0,0,414.0
1296596,300.0,50.0,2065.0,0,24.0
687325,0.0,28.0,550.0,0,1654.0
577893,0.0,100.0,225.0,0,2101.0
866838,850.0,28.0,2781.0,0,1510.0
712278,2000.0,239.0,690.0,0,1510.0
615909,500.0,41.0,776.0,0,1936.0
683536,0.0,84.0,1867.0,0,2240.0
312331,0.0,110.0,261.0,0,3366.0
1291695,800.0,11.4,1362.0,0,49.0
970620,0.0,0.0,189.0,0,1145.0
1151477,800.0,70.0,2168.0,0,780.0
583263,350.0,27.0,1517.0,0,2241.0
1146452,900.0,70.0,2089.0,0,414.0
1298484,900.0,80.0,3360.0,0,414.0
1200575,700.0,61.0,2443.0,0,324.0
352300,0.0,125.0,181.0,0,3262.0
1143741,700.0,150.0,189.0,0,535.0
152871,920.0,150.0,241.0,0,2711.0
933443,0.0,41.0,1803.0,0,2241.0
1174451,400.0,30.9,2165.0,0,780.0
1247063,700.0,25.2,1051.0,0,263.0
1118160,500.0,70.0,189.0,0,780.0
400491,750.0,70.0,640.0,0,2389.0
822575,980.0,250.0,100.0,0,1329.0
926987,900.0,100.0,104.0,0,1145.0
275421,0.0,100.0,194.0,0,3412.0
183680,400.0,70.0,425.0,0,2699.0
1049474,800.0,28.0,749.0,0,2606.0
543767,800.0,67.0,1459.0,0,2535.0
755333,0.0,68.0,1459.0,0,1510.0
643074,500.0,100.0,507.0,0,1936.0
857411,400.0,70.0,189.0,0,1237.0
1187068,1020.0,95.0,3719.0,0,414.0
459652,2000.0,308.0,601.0,0,2241.0
937476,0.0,27.0,358.0,0,1145.0
1025589,800.0,32.0,754.0,0,1145.0
1262455,400.0,10.0,1454.0,0,49.0
183871,800.0,38.0,1311.0,0,2564.0
688904,0.0,35.0,286.0,0,1663.0
477308,600.0,20.0,611.0,0,2241.0
1146701,800.0,25.0,4096.0,0,414.0
295470,900.0,150.0,100.0,0,3388.0
1145795,800.0,40.0,4096.0,0,414.0
711415,300.0,150.0,2108.0,0,1510.0
1121075,600.0,100.0,2065.0,0,414.0
953088,450.0,21.5,1813.0,0,1479.0
915589,0.0,28.0,749.0,0,1510.0
1124502,850.0,67.0,722.0,0,407.0
162745,820.0,150.0,54.0,0,2711.0
271487,0.0,0.0,189.0,0,3412.0
462505,700.0,40.0,774.0,0,2241.0
1027761,0.0,400.0,2484.0,0,1145.0
378372,800.0,100.0,613.0,0,2416.0
1207937,800.0,50.0,3707.0,0,202.0
457189,500.0,30.0,1619.0,0,2241.0
932940,0.0,33.0,1803.0,0,2241.0
1221991,500.0,19.5,4357.0,0,324.0
1291160,700.0,29.5,1362.0,0,49.0
891691,400.0,36.0,189.0,0,1359.0
749931,950.0,31.0,2259.0,0,1510.0
1277962,700.0,29.0,4683.0,0,49.0
1069020,850.0,100.0,2065.0,0,689.0
784531,800.0,21.0,758.0,0,1510.0
1187258,0.0,29.0,54.0,0,414.0
984232,800.0,21.0,1803.0,0,1145.0
859332,400.0,50.0,189.0,0,1237.0
352055,0.0,125.0,181.0,0,3262.0
1037270,0.0,6.0,2065.0,0,1785.0
1145404,500.0,15.0,4094.0,0,414.0
1068188,800.0,40.0,3759.0,0,689.0
785616,600.0,27.0,,0,1510.0
49044,0.0,19.0,749.0,0,2243.0
401097,800.0,100.0,613.0,0,2389.0
640081,0.0,11.9,1317.0,0,1936.0
893978,800.0,70.0,189.0,0,1390.0
485139,900.0,50.0,613.0,0,2241.0
466814,1000.0,71.0,1362.0,0,2241.0
894941,400.0,26.0,189.0,0,1390.0
1083537,700.0,34.0,772.0,0,2606.0
710091,800.0,57.0,722.0,0,1510.0
502489,1000.0,150.0,640.0,0,2241.0
1075629,600.0,25.0,3707.0,0,780.0
1046531,0.0,37.0,1941.0,0,2606.0
1231046,650.0,30.0,2089.0,0,414.0
1291725,600.0,17.0,1362.0,0,49.0
295346,900.0,100.0,215.0,0,3388.0
1285636,0.0,100.0,4685.0,0,92.0
1152598,600.0,10.0,4115.0,0,780.0
903237,1000.0,73.0,189.0,0,1510.0
1141102,500.0,100.0,2065.0,0,536.0
851400,850.0,42.0,2208.0,0,1510.0
1136462,0.0,150.0,2065.0,0,355.0
1243399,700.0,20.2,750.0,0,263.0
1051477,1400.0,267.0,356.0,0,2606.0
462838,800.0,50.0,1051.0,0,2241.0
1076329,800.0,25.0,3707.0,0,780.0
693396,300.0,70.0,189.0,0,1510.0
672298,400.0,16.0,1609.0,0,2005.0
1104562,600.0,30.0,3954.0,0,780.0
1245663,1000.0,62.5,1051.0,0,263.0
1033369,700.0,70.0,189.0,0,994.0
1246260,800.0,25.2,1051.0,0,263.0
1157642,800.0,27.0,749.0,0,414.0
1276466,800.0,53.0,4683.0,0,49.0
480924,400.0,23.0,612.0,0,2241.0
272161,0.0,70.0,189.0,0,3412.0
310183,0.0,41.0,124.0,0,3366.0
1210147,1050.0,41.0,3670.0,0,324.0
169185,320.0,100.0,40.0,0,2711.0
899639,950.0,100.0,189.0,0,1510.0
889203,8.0,50.0,189.0,0,1510.0
1037221,0.0,70.0,2378.0,0,780.0
1282494,0.0,30.0,613.0,0,1145.0
1060953,900.0,58.5,3723.0,0,780.0
459400,400.0,70.0,1377.0,0,2241.0
1044436,800.0,37.0,1941.0,0,2606.0
628819,1100.0,150.0,121.0,0,1936.0
316501,0.0,98.0,124.0,0,3366.0
1040529,0.0,40.0,189.0,0,720.0
297973,900.0,100.0,902.0,0,3388.0
1196851,1000.0,49.0,2417.0,0,324.0
1180636,920.0,64.0,1384.0,0,2241.0
717179,950.0,84.0,722.0,0,1510.0
486365,450.0,46.0,1608.0,0,2241.0
551307,800.0,37.0,1724.0,0,2254.0
141457,0.0,102.0,550.0,0,2824.0
1078036,900.0,150.0,2065.0,0,841.0
982574,800.0,37.0,1803.0,0,1145.0
785363,800.0,150.0,677.0,0,1510.0
1205482,600.0,27.0,1317.0,0,1145.0
1193397,900.0,61.0,2443.0,0,324.0
646370,650.0,24.3,722.0,0,1936.0
1037342,800.0,150.0,1599.0,0,723.0
1166728,0.0,32.5,550.0,0,414.0
395762,450.0,70.0,599.0,0,2389.0
823906,0.0,100.0,2065.0,0,1510.0
1243861,800.0,28.0,750.0,0,263.0
1123106,0.0,100.0,66.0,0,475.0
964817,750.0,30.0,3361.0,0,1145.0
925828,700.0,28.0,774.0,0,1145.0
892479,700.0,100.0,189.0,0,1390.0
744162,500.0,15.0,2194.0,0,1510.0
619920,0.0,0.0,189.0,0,1936.0
471133,750.0,70.0,1364.0,0,2241.0
324408,0.0,150.0,261.0,0,3366.0
936596,0.0,48.0,358.0,0,1145.0
919080,800.0,250.0,261.0,0,1145.0
1123376,0.0,70.0,181.0,0,475.0
1041238,0.0,50.0,189.0,0,720.0
1276439,1000.0,53.0,4683.0,0,49.0
377089,900.0,100.0,640.0,0,2416.0
1055027,1100.0,128.0,1384.0,0,1510.0
502497,800.0,100.0,262.0,0,2241.0
821410,0.0,27.0,1717.0,0,1510.0
932623,400.0,45.0,2997.0,0,2241.0
1159308,850.0,27.0,749.0,0,414.0
944924,0.0,27.0,358.0,0,1145.0
710605,300.0,27.0,355.0,0,1510.0
336017,0.0,0.0,189.0,0,3312.0
1221854,900.0,37.5,4357.0,0,324.0
1229621,500.0,31.0,3226.0,0,414.0
979560,700.0,52.0,189.0,0,1145.0
153293,920.0,150.0,241.0,0,2711.0
704690,350.0,40.5,776.0,0,1510.0
1131650,400.0,25.0,2177.0,0,780.0
1131740,400.0,25.0,2177.0,0,780.0
1051229,800.0,37.0,1941.0,0,2606.0
1107296,900.0,50.0,3360.0,0,780.0
1155581,700.0,36.0,749.0,0,414.0
1096580,500.0,41.0,1803.0,0,902.0
1148546,0.0,2.0,4098.0,0,414.0
908548,950.0,100.0,8.0,0,1390.0
943850,0.0,48.0,358.0,0,1145.0
978067,700.0,40.0,2477.0,0,1144.0
402982,1000.0,5.0,601.0,0,2389.0
1154363,800.0,90.0,2065.0,0,233.0
640472,900.0,100.0,189.0,0,1936.0
1137394,0.0,150.0,2065.0,0,355.0
1123303,0.0,80.0,161.0,0,475.0
1215572,700.0,30.0,2201.0,0,414.0
901017,1000.0,150.0,189.0,0,1510.0
1053662,0.0,28.0,749.0,0,2606.0
1271955,400.0,10.0,1344.0,0,49.0
405856,650.0,50.0,550.0,0,2389.0
916081,0.0,41.0,749.0,0,1510.0
1030574,800.0,100.0,7.0,0,797.0
1271682,800.0,22.0,1379.0,0,49.0
487361,450.0,30.0,550.0,0,2241.0
1203523,600.0,40.0,1295.0,0,324.0
1150977,900.0,35.0,2168.0,0,780.0
784316,800.0,51.0,758.0,0,1510.0
891517,700.0,54.0,189.0,0,1359.0
1136372,0.0,150.0,2065.0,0,355.0
785038,1000.0,33.0,758.0,0,1510.0
